video_id,comment_id,author_display_name,text,published_at,like_count
mDw83aS4ALo,UgxjRHmfxY8SBWBcVdp4AaABAg,@NAGSABANDIYAHBENGKULU,"Ini tentang hati yg pernah satu tujuan tp tak sejalan lagi, "" ini tentang hati bukan keyakinan""",2025-05-18T05:05:50Z,0
mDw83aS4ALo,Ugxf4rEa7IVO8afRO254AaABAg,@GaminiYanto,"Bagian ""gila tak ada logika"" gua suka banget",2025-05-18T04:49:57Z,0
mDw83aS4ALo,UgwpgbZ02UOIdxmRAop4AaABAg,@Littesong,gue ketinggalan 3 tahun,2025-05-18T04:46:19Z,0
mDw83aS4ALo,UgyYIv5vyhCX0HpfRQZ4AaABAg,@dwiagus2432,ketinggalan 3 taun.,2025-05-18T04:38:01Z,0
mDw83aS4ALo,UgyHJCOgPzMOsTJ6hZ54AaABAg,@Yusuf690-cc7yn,wkwk apa cuman agw yg dari 2025ğŸ˜…ğŸ˜…,2025-05-18T04:27:41Z,0
mDw83aS4ALo,Ugz16DIeLI7n3K1FuMJ4AaABAg,@aditanggara7883,Terlalu sibuk Lagu Noah,2025-05-18T04:23:51Z,0
mDw83aS4ALo,UgzcFkDXOat5XoMPxAp4AaABAg,@YuliArti-m2u,Enak kali lagu Naya,2025-05-18T04:19:14Z,0
mDw83aS4ALo,UgwjyPsWLTN4AeZy41F4AaABAg,@lisaraya650,Rupa ya lagu udh lama ko lagu ya baru ini keluar,2025-05-18T04:12:03Z,1
mDw83aS4ALo,UgwM4gtk7StiDu8LbQZ4AaABAg,@Kibou-M,aduh lek,2025-05-18T03:11:05Z,0
mDw83aS4ALo,UgxgHgfMcP9brO_oCxV4AaABAg,@muhammadwuqufchan,pernah mengalami ....sayang ya...dia dijodohkan dan aku selaluendoakn yg terbaik Bu Serly,2025-05-18T02:58:49Z,0
mDw83aS4ALo,UgyHez_Zuk-df87a9VF4AaABAg,@asnanaa5307,good song,2025-05-18T02:42:38Z,0
mDw83aS4ALo,Ugx91-JhoeHi30sleRl4AaABAg,@nuriindah7630,"Oh udah 3 tahun ya, baru tau ğŸ˜”",2025-05-18T02:37:55Z,0
mDw83aS4ALo,UgxA9_0IPzC23XTmTeF4AaABAg,@Realmec35-q2c,Ada yang 2025,2025-05-18T02:09:23Z,0
mDw83aS4ALo,UgyU4jNTKjUafCj4Rsx4AaABAg,@biesopia,"lagu ini bener bener relate, susah banget emang punya hubungan beda agama apalagi sama yang KATOLIK , cuman bisa ngejlanin tapi sambil yaAllah",2025-05-18T02:05:10Z,0
mDw83aS4ALo,Ugy3WE3422NhRbkc12J4AaABAg,@taelice9597,Ternyata aku tau lagi ini saat tren tahun 2025,2025-05-18T01:57:46Z,0
mDw83aS4ALo,UgxLy_rTaUFrYLFZbk94AaABAg,@snoviisylvia1233,ğŸ‘ğŸ‘ğŸ‘,2025-05-18T01:46:20Z,0
mDw83aS4ALo,Ugwkmd0-eLjjLvkxQLN4AaABAg,@dennyfalintino5304,enak bngtt,2025-05-18T01:16:18Z,0
mDw83aS4ALo,Ugx9K0Zprok4oJNnDfl4AaABAg,@SitiNurAzizah-e7l,Kenapa lagu seenak ini baru  denger sekarang si?,2025-05-18T01:00:31Z,0
mDw83aS4ALo,Ugyod3UeMOkOTeYvpGl4AaABAg,@ryani-c9r,Kirain baru aja liris lagu in ternyata 3 tahun yg lalu ğŸ˜¢ğŸ˜¢,2025-05-18T00:58:49Z,0
mDw83aS4ALo,UgzMuOmKEC_XwnlgXI14AaABAg,@taeniigissy9459,Waduh telat 3 tahun dong ğŸ˜…,2025-05-18T00:51:11Z,0
mDw83aS4ALo,UgxtDWOo9rS43Ewv2zd4AaABAg,@makhamza-c8f,anjai ketinggalan 3 tahun,2025-05-18T00:47:38Z,0
mDw83aS4ALo,UgxiJbQM-0dW3IcFCtB4AaABAg,@CaineHalcyon,3:23 siapa yang cinta pada nabinya,2025-05-18T00:45:27Z,0
mDw83aS4ALo,UgzSj663p61-mTJNKyt4AaABAg,@zainulnurk7563,Ketinggalan 3 thn,2025-05-18T00:23:37Z,0
mDw83aS4ALo,UgyNJirfBO7kEw3AJmJ4AaABAg,@tiaramb3375,Ketinggalan 3 tahun ğŸ˜‚,2025-05-17T23:53:26Z,0
mDw83aS4ALo,UgzBHTiK3Z7071Jh-_d4AaABAg,@dadam9552,p,2025-05-17T22:54:30Z,0
mDw83aS4ALo,UgzzDa6e28GBSvXGwW54AaABAg,@Liputan7-idTulungagung,"3:10 nih durasi yang kalian cari cari
Jangan salahkan faham ku kini....",2025-05-17T20:16:19Z,2
mDw83aS4ALo,UgwMYBMthomJnV_9EAJ4AaABAg,@AidilFitra-f9j,Siapa yg kesini gara gara tiktok ğŸ˜‚ğŸ˜‚,2025-05-17T20:02:32Z,0
mDw83aS4ALo,UgwQTcopxwb4OFE6-D94AaABAg,@fauziprabowo7800,ğŸ‘ğŸ»,2025-05-17T19:55:34Z,0
mDw83aS4ALo,UgyzNPCj-xmggKl7J3N4AaABAg,@mochammmadzulfikar5088,"kok gw sukanya pas ending nya doang ya, ada yg samağŸ˜¢ğŸ˜­ğŸ˜­",2025-05-17T19:54:05Z,0
mDw83aS4ALo,Ugyz6U9GSt5zfwX7Jbd4AaABAg,@lionsinbambanghunter2793,h,2025-05-17T19:05:33Z,0
mDw83aS4ALo,UgwgylVS94rQ7eb2GhJ4AaABAg,@rozadiantin,Ternyata 3 tahun yang lalu ini ?,2025-05-17T18:59:10Z,0
mDw83aS4ALo,UgwQvvhnoB-_L6U0_454AaABAg,@rorojoging,"cinta ariel sudah habis di luna, sepertinya luna pun juga sama, tapi luna berpikir logis, karna hidup terus berjalan.
jika kita lihat ariel selalu gagal dalam berhubungan, begitupun luna juga seperti itu sebelum menikah dengan maxim, tapi tuhan maha adil, dan setiap yang berusaha pasti akan memperoleh hasilnya, luna sudah berusaha mempunyai hubungan yang serius selama bertahun tahun, dan akhirnya sekarang luna sudah menemukan jodohnya.
gw harap lu juga bang, sedih sebenernya, tapi lu juga berhak mendapatkan sosok yang terbaik versi lu, semoga dalam perjalanan hidup lu setelah ini bisa serius dalam berhubungan.
gw fans lu dari gw remaja bang, semangat.",2025-05-17T18:25:56Z,0
mDw83aS4ALo,Ugzo_pr4BBfjK07aht54AaABAg,@DikzYgy-m3u,Vd 3 tahun lalu. Viralnya skrng ğŸ”¥,2025-05-17T17:31:08Z,1
mDw83aS4ALo,UgwE23-Elu_PWdMg3k94AaABAg,@GalangAlbiano,Band ini emeng gila..kata2 sama lirik nya dalam banget,2025-05-17T15:52:34Z,0
mDw83aS4ALo,Ugy1LVOnIy_TIYLPWvF4AaABAg,@R3NDY_J23,Baru trending sekarang wkwkw,2025-05-17T15:37:21Z,0
mDw83aS4ALo,Ugxv6IJj877qaS42En94AaABAg,@suryaindah8650,Bubar gara2 beda keyakinan,2025-05-17T15:32:30Z,0
mDw83aS4ALo,UgxM_rDRSUlOkZMLNHt4AaABAg,@yullirp,aku mendengarkan lagu ini pd 17/05/2025,2025-05-17T15:27:40Z,0
mDw83aS4ALo,UgwsPZexOIrNNoxA5nZ4AaABAg,@cemilan098cemilan2,aku cinta vokalis cewenya,2025-05-17T15:06:41Z,0
mDw83aS4ALo,UgzQP59eHT-NFqNMaXZ4AaABAg,@komangdyanthi9774,Dan baru viral skrg.. anak gw umur 8 th udh hafal dr 2 th yg lalu.. ggara papanya srg dger.. dan memng gw nikah beda agama,2025-05-17T15:03:40Z,1
mDw83aS4ALo,UgxC62N2uI9Je1AdklZ4AaABAg,@yokananterang3274,"Laagune 3 tahun yg lalu..
Virale tahun 2025ğŸ‘ğŸ˜",2025-05-17T14:59:06Z,0
mDw83aS4ALo,Ugw9cPWgPtSH8AIdl6J4AaABAg,@artstudio891,kadang kita tak boleh melawan takdir,2025-05-17T14:52:52Z,0
mDw83aS4ALo,UgwWIfBC5OyiApB1aLd4AaABAg,@Bryotic,Absen yang ngira ini lagu baru,2025-05-17T14:43:23Z,0
mDw83aS4ALo,UgzV1F0hVPU_VE8c6aJ4AaABAg,@Izzyyy90,"Tuhan ku dan Tuhan mu berbeda, mana mungkin aku merebut kan dirimu hanya untuk mu berpaling kepada Tuhan yang lain. Cerita kita berbeda, apa yang aku harapkan Cuman satu. Teruskan lah berjalan semoga satu hari nanti kita berdua akan bertemu dengan pasangan yang cocok tanpa memikirkan tangan yang menadah dan juga tangan yang menggengam hanya kerana kita berbeda kiblat.",2025-05-17T14:33:24Z,0
mDw83aS4ALo,UgxMS5F-FGLKA2B9qY14AaABAg,@fajarsidik6470,"Siapa yg tau, siapa yg mau, siapa yg cinta pada nabimu...",2025-05-17T14:31:52Z,2
mDw83aS4ALo,UgyDTh59hv4Vy8GqaLd4AaABAg,@ahmadkunaedi352,Baru tau ada lagu sekeren ini,2025-05-17T14:16:14Z,0
mDw83aS4ALo,UgxAF-KGL6uyqwpGavF4AaABAg,@felixrendiawan1627,"Siapa yg mau,siapa yg cinta.....",2025-05-17T14:00:39Z,0
mDw83aS4ALo,UgwfdUaKAT0Z3Sk02gF4AaABAg,@fadzilputra1992,Ternyata ketinggalan 3 tahun,2025-05-17T13:55:11Z,0
mDw83aS4ALo,Ugz5rVoidE5S4vSe1jJ4AaABAg,@syafiqahsulaiman,Hadir kerana ditiktok,2025-05-17T13:37:04Z,0
mDw83aS4ALo,Ugx_PRGzNLqyur6DHBl4AaABAg,@asmisasmita6265,"Kupikir lagu baru, ternyata ketinggalan 3 tahun wkwkwk",2025-05-17T13:34:31Z,0
mDw83aS4ALo,UgzxOUMfZq8nNgUDuAd4AaABAg,@ahmadbudiman9076,Kesini gegara tongkrongan gitar feat hadad alwiğŸ˜‚,2025-05-17T13:12:53Z,0
mDw83aS4ALo,UgwFlvnloduleZV3FGN4AaABAg,@BumpKT,gua kira ini lagu baruğŸ˜‚ğŸ˜‚ğŸ˜‚,2025-05-17T13:02:14Z,0
mDw83aS4ALo,Ugx4aLzG3Zy5eFg93ml4AaABAg,@YuliAnti-e8i2d,Bgus ajaaaaağŸ‰ğŸ‰,2025-05-17T13:00:33Z,0
mDw83aS4ALo,UgxryuOPYH922hao3fZ4AaABAg,@muhammadfahrie4242,heummm,2025-05-17T12:53:36Z,0
mDw83aS4ALo,UgxXUBiF7PzKRPp8qCZ4AaABAg,@mujahidaharinil9808,â¤ï¸,2025-05-17T12:45:16Z,0
mDw83aS4ALo,UgxPYZ269QtTeMmL3SV4AaABAg,@MrAmnsia,"baru tau band ini, kok enak lagu ternyata lagunya udah lama",2025-05-17T12:43:33Z,0
mDw83aS4ALo,UgxgXXNrjLpZYX1tKlh4AaABAg,@raisa70976,3:10ğŸ˜¢,2025-05-17T12:43:31Z,0
mDw83aS4ALo,Ugw2-FMeZ-x80AEpp8d4AaABAg,@EkaSusanti-g1m,MasyaaAllah ternyata aku ketinggalan. Ternyata sudah lama nih lagu,2025-05-17T12:39:42Z,0
mDw83aS4ALo,UgzqltuUYKgZ4y2b_9B4AaABAg,@FIR-cl5ev,2029,2025-05-17T12:34:44Z,0
mDw83aS4ALo,Ugw1ZcUpnNpy_m0vsHB4AaABAg,@FRvideos49,"Kalau gak viral baru2 ini
Saya gak tau lagu iniğŸ˜¬ğŸ˜¬ğŸ˜¬ğŸ˜¬",2025-05-17T12:03:25Z,0
mDw83aS4ALo,UgxPYe7RCfpob6q_qfV4AaABAg,@HabibieRamadan-tw8cb,Qpla,2025-05-17T11:42:03Z,0
mDw83aS4ALo,Ugyao6JGCAtTZFZkXwx4AaABAg,@Senpaikanaste-01,kirain lagi bari,2025-05-17T11:15:50Z,0
mDw83aS4ALo,UgztoroNzWSwHQa9zyB4AaABAg,@thesecond5038,"sy jarang bgt denger lagu musisi Indonesia, tapi utk lagu ini baru sekali dengar cuplikannya langsung suka dan cari2 judulnya sampe dapet. Melodi, aransemen dan vokalnya ğŸ‘ğŸ’œ",2025-05-17T10:46:23Z,0
mDw83aS4ALo,UgwltG2MtgTaxS-k2YV4AaABAg,@hercomedsychocom8199,2025,2025-05-17T10:36:22Z,0
mDw83aS4ALo,UgwLZqujSrxcI0GVvFJ4AaABAg,@aringgaanandisf.1458,"terjebak 3 tahun pada orang yg sama. tanpa sepatah kata, tanpa bertatap muka, semuanya masih tetap sama. dirimu yg pergi tanpa meninggalkan sepatah kata, dan diriku yg menunggu kembalinya dirimu. disini, perasaan ini tetap sama. hanya untukmu dan akan seterusnya begitu",2025-05-17T10:05:36Z,0
mDw83aS4ALo,Ugwi9wteYSh2or4Ibz54AaABAg,@lilisimut3393,jozz,2025-05-17T09:56:01Z,0
mDw83aS4ALo,Ugwsmx43Em1f7-QHpF94AaABAg,@zahraadawiyahoctaviani7634,17 mei 2025 16.37,2025-05-17T09:38:02Z,0
mDw83aS4ALo,UgxikX7FA0FuplRe6-94AaABAg,@Tirtatama_4,Relate bgt sama hidup gwğŸ˜¢,2025-05-17T09:36:27Z,0
mDw83aS4ALo,UgxzGKqPxVn4njJjiYF4AaABAg,@AdeIrawan-o8c,"Sayangnya yg buming lirik terakhir nya ???
Kenapa ga di masukin untuk reff nya aja jadi bisa enak ini menurut w aja sukajuga sama lirik yg lagi viral iniğŸ‘ğŸ»ğŸ‘ğŸ»",2025-05-17T09:34:56Z,0
mDw83aS4ALo,UgyX9rdwUMDcSCkkfKl4AaABAg,@elinmarlina4003,Lah ternyata lagu ini udah lamağŸ˜¢,2025-05-17T09:26:18Z,0
mDw83aS4ALo,Ugye8sti_-XWWXSMo0t4AaABAg,@AnisSina-z6f,"walaupun 3bulan kita bersama,sampai nafas terakhir ini (6thn) aku masih teringat bau harummu,maaf aku tidak bisa menjadi lelaki yang kau inginkan",2025-05-17T09:01:36Z,0
mDw83aS4ALo,Ugw7l9F6Y_1rfKDsNGp4AaABAg,@auliaputrisalsabillah6156,"Suatu malam adam bercerita
Hawanya tak lagi di jalur yang sama
Bacaan dan doa yang mulai berbeda
Ego dan air mata kita bicara
Gila tak masuk logika
Termangu hatiku
Kau menggenggam kumenadahnya
Berdamai dengan apa yang terjadi
Kunci dari semua masalah ini
Jujur tak mudah untuk melangkah pergi
Ini soal hati bukan yang diyakini
Ow gila tak masuk logika
Termangu hatiku
Kau menggenggam kumenadahnya
Ow gila ini tak biasa
Tertegun hatiku
Kau menggenggam kumenadahnya
Ho oh
Jangan salahkan faham ku kini tertuju oh
Siapa yang tau
Siapa yang mau
Kau di sana
Aku diseberangmu
Cerita kita sulit dicerna
Tak lagi sama
Cara berdoa
Cerita kita sulit diterka
Tak lagi sama
Arah kiblatnya oh
Cerita kita sulit dicerna
Tak lagi sama
Cara berdoa
Oh cerita kita sulit diterka
Tak lagi sama
Arah kiblatnya",2025-05-17T08:57:52Z,1
mDw83aS4ALo,Ugzqe_2v3X5UlwHjsk94AaABAg,@airisyaairis6513,"kita tak bisa berpegangan tangan meskipun ingin...
meski rasa kita sama tp kita tak bisa saling memiliki",2025-05-17T08:13:52Z,0
mDw83aS4ALo,UgwbhSlxgA4q6J0eqCZ4AaABAg,@Nailulchusnaaa-c1j,bisa bisa nya baru tau sekarangğŸ˜­ğŸ˜­,2025-05-17T07:58:25Z,0
mDw83aS4ALo,Ugwv6Cgh3oiWL7Wgxmx4AaABAg,@SitiAfira-z5y,sampai sekarang saya hanya bisa berdamai dengan keadaan yang tak bisa memaksakan seseorang jatuh cinta sama sayağŸ˜­ğŸ˜­,2025-05-17T07:54:36Z,1
mDw83aS4ALo,UgwWJBUXZSFg_MPOulx4AaABAg,@AlvianoFando,"Tahu lagu ini karena mbok Yem,ğŸ˜­ğŸ˜­ğŸ¥€ğŸ¥€,,mbok YemğŸ¥ºğŸ¥º",2025-05-17T06:15:48Z,1
mDw83aS4ALo,UgzlA_SWbCZA-_JGkot4AaABAg,@aizennightcore8240,Ternyata lagunya udah lama tapi gw baru tau Krn lagi viral ğŸ˜®,2025-05-17T05:27:14Z,0
mDw83aS4ALo,Ugw2QpAtti2FAoEJlVx4AaABAg,@ramanovaljaya6557,"Dri awal muncul beberapa bulan , gua udh suka lagu ini dan skrng Viral booommm TerMangu mangu kalian â˜ºï¸â˜ºï¸",2025-05-17T04:35:56Z,1
mDw83aS4ALo,UgysjxAMF9tK4SeI3Ld4AaABAg,@abdulmuis8682,cuma pengen dengerin part 3:10,2025-05-17T03:56:45Z,1
mDw83aS4ALo,Ugxa0s3jfd0mxfMvjoF4AaABAg,@rakayw,"sok sok an dengerin mangu, padahal yang beda perasaan nya bukan agama nya.",2025-05-17T03:47:33Z,4
mDw83aS4ALo,UgxsnzkGYpL_Wo_hItZ4AaABAg,@ChinAfong,"kita SE agama kok engga bisaa gituu dapetin hati mu,walau kamu ga tau kalau aku suka kamuuğŸ˜”ğŸ™ğŸ»",2025-05-17T03:46:32Z,2
mDw83aS4ALo,UgzvzpXE5pfpK2eTi4h4AaABAg,@SahalTabrizi,Semngat,2025-05-17T03:21:45Z,0
mDw83aS4ALo,UgyeVwd1VkoryiE76j14AaABAg,@Albian012-m3m,"Gua denger lagu ini, enaknya pas bagian ceweknyağŸ˜­",2025-05-17T03:04:19Z,0
mDw83aS4ALo,Ugy5SX1FGtMBqgnyv1h4AaABAg,@WendraFebrata,untukmu agamamu dan untuk ku event nya aja,2025-05-17T03:04:08Z,0
mDw83aS4ALo,Ugx28VYqZPo7nptQvOJ4AaABAg,@anisaaramadhany1165,Ternyata lagu nya udah 3 tahun yang lalu yaa ğŸ™ƒ,2025-05-17T02:47:24Z,0
mDw83aS4ALo,Ugy9c_SjvsEr-3zCdYt4AaABAg,@parhan128,mantap,2025-05-17T02:43:47Z,0
mDw83aS4ALo,UgyPTW1YUjQEI5GyWth4AaABAg,@adevonnyhermansyah,3:47 â¤,2025-05-17T02:41:08Z,0
mDw83aS4ALo,UgwulGS0825iShnK-CV4AaABAg,@MauliaPutrieAR-cf3yp,Mau komen apa bingung .,2025-05-17T02:28:10Z,0
mDw83aS4ALo,Ugw5Kq7UZ0R8Uza8cad4AaABAg,@dindaagustina6649,ğŸ«¶ğŸ»,2025-05-17T01:59:55Z,0
mDw83aS4ALo,UgwHVV4gOECSjTIl0Jl4AaABAg,@daris.andromeda,"Kok gw denger nya 

Siapa yang haus, siapa yang haus",2025-05-17T01:29:14Z,0
mDw83aS4ALo,Ugw7Rp5SdEttJ81s0sB4AaABAg,@anggilatifsaputra7639,dalem banget syair nya ğŸ¥ºğŸ¥ºğŸ‘ğŸ»ğŸ‘ğŸ»ğŸ‘ğŸ»,2025-05-17T01:17:25Z,0
mDw83aS4ALo,Ugyy8088T_PJRvcOGbJ4AaABAg,@TIMCHAT-dj7ru,saya kira lagu baru anjayyy,2025-05-17T00:45:13Z,1
mDw83aS4ALo,Ugy1kg6rqGXMZUfsPGN4AaABAg,@sidikbettafish744,ğŸ‘ğŸ‘ğŸ‘ğŸ‘,2025-05-17T00:27:34Z,0
mDw83aS4ALo,UgwCVdd6-40rO4xxdFx4AaABAg,@AyyiAyyi-s5f,"Aku kira rilis tahun 2025 
ternyata ketinggalan 3 th",2025-05-16T23:09:48Z,2
mDw83aS4ALo,Ugya8T_VPOTuHEsFKSl4AaABAg,@sindimartindaayu7350,"7Tahun bersama, di Pisahkan karna Sahabat nya ğŸ˜¢ Bukan hanya tentang Sahabat,, Melainkan hati yg sudah tidak ingin Bersama.... ğŸ˜…",2025-05-16T23:06:07Z,0
mDw83aS4ALo,UgxVYsJ6fXNgC0mDjJl4AaABAg,@akbarvalVAL,Teduh bngtt ingat dluuğŸ˜¢ğŸ˜¢,2025-05-16T21:44:39Z,0
mDw83aS4ALo,Ugxog11hlSMOSVDDL_Z4AaABAg,@reigarestu367,"Lagumu rilis disaat aku memperjuangkan seseorang yang sama seperti alur cerita lagumu,tapi sialnya aku baru tau lagu ini sekarang,setelah aku sudah tidak dengan orang tersebut,MANGU bukan hanya sekedar lagu tapi suatu lukisan indah di ingatan orang orang yang pernah menjalin hubungan beda keyakinan.......ğŸ˜ŠğŸ˜Š",2025-05-16T20:04:57Z,0
mDw83aS4ALo,Ugz1dddgqNjs3EFVCoZ4AaABAg,@muhammadegisaputra4516,best,2025-05-16T18:49:50Z,0
mDw83aS4ALo,UgxqTiyWqFv9ejqeT7Z4AaABAg,@bangtamasihiteru73,"Gw heran pas dateng ke salah satu bank di medan, ekh malah disambut sama pak satpamnya yang ngatai ge mirip ari Lesmana ğŸ¤”",2025-05-16T17:59:30Z,0
mDw83aS4ALo,Ugzcnbq-nLL7jU8z0lh4AaABAg,@vidocasanova7915,sangat dalammmğŸ¥º,2025-05-16T17:36:48Z,0
mDw83aS4ALo,Ugx7s2p-GHrN8pCP5Jp4AaABAg,@gwentasiam8692,04.20 ak msh bobo.. 04.45 solat subuh,2025-05-16T17:01:30Z,0
mDw83aS4ALo,Ugwb-_joA3x3jhZ2QWt4AaABAg,@EtwarTiwu,Ternyata udah tertinggal 3 tahun yg laluğŸ˜¢,2025-05-16T17:00:43Z,0
mDw83aS4ALo,UgylaypUAMZVciM1iaR4AaABAg,@devasaputra7551,Sebelum tidur!!!,2025-05-16T16:27:33Z,0
mDw83aS4ALo,Ugw19Nli11ry8mYTdj14AaABAg,@rahmasarihidayah4806,Kisah cinta beda agama,2025-05-16T15:58:09Z,0
mDw83aS4ALo,UgzerymRLUKvpbW2vd94AaABAg,@Moey851,Kirain lagu baru eh 2 taun yg laluğŸ˜,2025-05-16T15:50:58Z,0
mDw83aS4ALo,UgyDxKkDQLsprG41-YB4AaABAg,@beni-t5e,kesini gara-gara lagi pengen aja,2025-05-16T15:48:06Z,0
mDw83aS4ALo,UgxctzBn444ndRNqVBF4AaABAg,@marcel.onesiforusalfaputra,lagu nya bagus,2025-05-16T15:34:12Z,0
mDw83aS4ALo,UgwsRd9TM1UMi8lXk1l4AaABAg,@AiniYah-z9f,p,2025-05-16T15:33:42Z,0
mDw83aS4ALo,UgwNKVZgQHdJdI_94Wl4AaABAg,@tiosaefulloh-x1k3x,bukan tentang beda agama tapi tentang beda prasaanğŸ¥€ğŸ¥€,2025-05-16T15:32:09Z,0
mDw83aS4ALo,UgxWP7Ldv__O9TCviU94AaABAg,@trihamkahamka,ğŸ˜¢ğŸ˜¢,2025-05-16T15:14:14Z,0
mDw83aS4ALo,Ugxu3vl8VJcTDUpekn14AaABAg,@NayshiaFebriani,ada yang nonton 2025??ğŸ™ğŸ»ğŸ˜­,2025-05-16T15:13:29Z,1
mDw83aS4ALo,UgyHvZxMbGQvL9bZw_V4AaABAg,@Fishsound-c,Wtf gara2 adek gue tiap malem muter ni lagu jadi penasaran ğŸ˜‚,2025-05-16T15:07:15Z,0
mDw83aS4ALo,Ugz8g5be8vnaCUlGd3N4AaABAg,@Masio_17Aththaariq,Dari 2019 gua dengerin semua lagu Fortwety gak pernah gagal semua enak dan bikin baperr,2025-05-16T14:53:35Z,0
mDw83aS4ALo,Ugyj_toPLCAPwthTWn14AaABAg,@gggrm4765,3:10,2025-05-16T14:43:35Z,0
mDw83aS4ALo,Ugz6lYkLQdEMdbZPvO94AaABAg,@kevinfreechannel937,"Kebanyakan lagu lama, Knpa baru viral skrangğŸ˜¢",2025-05-16T14:42:12Z,0
mDw83aS4ALo,UgyeMz8BaufhFTD4S3B4AaABAg,@gadingakmalaputri4837,:(,2025-05-16T14:28:48Z,0
mDw83aS4ALo,UgwRzvLBamdgc0bcilt4AaABAg,@Jam8maret17,Lagu ini terinspirasi dari temannya Ari Lesmana yang setelah sekian lama menikah salah satu pindah agama,2025-05-16T14:17:56Z,1
mDw83aS4ALo,UgxTA2ZAsNgEHgWxjnp4AaABAg,@mohamadmumin7866,Oh ini,2025-05-16T14:03:58Z,0
mDw83aS4ALo,UgzRdsQfID2h3pdB3NB4AaABAg,@Fckmywy28,Ketinggallan 3 tahun gak tu,2025-05-16T13:49:56Z,1
mDw83aS4ALo,UgyP7NiwJ2r7pRiKw1d4AaABAg,@RaiDoo12,Vibesnya ğŸ˜­,2025-05-16T13:46:11Z,0
mDw83aS4ALo,Ugw8u_4hhbtqIk478yl4AaABAg,@wahyuekoarifin2263,Siapa yang tau,2025-05-16T13:35:21Z,0
mDw83aS4ALo,UgwAJkajyX9fZSiYtFB4AaABAg,@SitiaAlfiyahh,The best in 2025ğŸ‰,2025-05-16T13:33:07Z,0
mDw83aS4ALo,UgzNj6xqXP_hWm_D3jd4AaABAg,@nadhira81020,Yang kesini karena dengar setiap hari di medsos dan baru memahami liriknya..,2025-05-16T13:02:59Z,1
mDw83aS4ALo,Ugwpax2Gt_EaTs6bNGF4AaABAg,@ahmadhabsyi7204,sad ğŸ˜­,2025-05-16T12:57:47Z,0
mDw83aS4ALo,UgzQFt6RpkKKSHbEGmp4AaABAg,@machalateszc,â˜º,2025-05-16T12:41:01Z,0
mDw83aS4ALo,Ugymh9PtAh4j8GwgMGh4AaABAg,@delladarasinta8608,h,2025-05-16T12:40:45Z,0
mDw83aS4ALo,UgzJ_Cjy4W4651-9BhR4AaABAg,@cahayaanakcentil9075,udah lama to lagunyaa,2025-05-16T12:27:21Z,1
mDw83aS4ALo,UgxZyd44UhoiBmlECgV4AaABAg,@AgusSunandar-h1c,Uenak banget,2025-05-16T12:05:14Z,0
mDw83aS4ALo,UgyOUMPTjDeTVyApjnR4AaABAg,@nendrimustofa7277,gacor,2025-05-16T11:53:55Z,0
mDw83aS4ALo,UgwjTDBiw7-w4I-S-xd4AaABAg,@dhofirattamim,Top dah lagu ini,2025-05-16T11:48:34Z,0
mDw83aS4ALo,UgyRBVHNYMKCN5mZtPd4AaABAg,@FabioSalaa-d3y,Org terakhir gwâ¤ğŸ˜Š,2025-05-16T11:44:21Z,0
mDw83aS4ALo,UgwLBe_mOt0hxbA3X2R4AaABAg,@ikhsanfikri1398,Sekarang lagi rame versi koplonyaaa,2025-05-16T11:44:12Z,0
mDw83aS4ALo,UgzKxmX70gQC4MxFynB4AaABAg,@muhammadfahri519,ğŸ˜®â€ğŸ’¨,2025-05-16T10:16:50Z,0
mDw83aS4ALo,UgzYzUEV0Dvl4oUBSVF4AaABAg,@Naon_welah-n3n,Kirain lagu baruğŸ˜…,2025-05-16T10:16:26Z,0
mDw83aS4ALo,UgyEtmfJLYxRGmImoD94AaABAg,@aprisucipto4167,"teristimewa  buat orang yang sangat terkasih Dini Heri Astuti, kita punya cerita yang sama",2025-05-16T09:01:05Z,0
mDw83aS4ALo,UgxvGBDkondER_R-G1V4AaABAg,@sahrul3445,ketinggalan 3 THN gw ternyata,2025-05-16T08:38:17Z,0
mDw83aS4ALo,Ugx_P83x0Se1XG41H2l4AaABAg,@gaulunited179,Teruntuk Baby Sartika...Maafkanlah aku dari hati yang terdalam atas semua kesalahan yang ku perbuat terhadap hati & raga-mu. [ Tasikmalaya 1997 ],2025-05-16T08:25:22Z,0
mDw83aS4ALo,UgyWkh3XB49rnDZooQl4AaABAg,@AlosiusJehamat-c9n,ğŸ‰,2025-05-16T08:21:25Z,0
mDw83aS4ALo,Ugyj2XRuW8yRbde1dp14AaABAg,@nobel-chan3120,Jir,2025-05-16T08:21:12Z,0
mDw83aS4ALo,Ugwv9U0y5Ki57o0PXsp4AaABAg,@asuramus,Ini lagu yang siapa cinta pada nabinya kan ya,2025-05-16T08:18:10Z,0
mDw83aS4ALo,UgwzzPGqONE7pGpGbrZ4AaABAg,@Ayu-j7c,gw kira awal nya fyp  lagu Noah yng diplesetin gitu reefnya ğŸ˜…,2025-05-16T07:48:32Z,1
mDw83aS4ALo,Ugx-kt-l9Q3Lfk9V7tl4AaABAg,@hermanos8977,Tetep Mangku purel le,2025-05-16T07:47:30Z,0
mDw83aS4ALo,UgwNxNHdquxf9sBmpBh4AaABAg,@achmadsupriyadi9214,"Semua ada waktunya ,seperti lagu ini baru viral di tahun 2025 padahal 3 tahun lalu sudah ada",2025-05-16T07:31:13Z,0
mDw83aS4ALo,UgwbdO95MQLyYYLk3EB4AaABAg,@RoyatiPalakua,Di buat 2022 viral 2025,2025-05-16T07:04:09Z,0
mDw83aS4ALo,UgxyR7tcxVhqyj6xmQN4AaABAg,@pandusatria458,Gara Gara TikTok akhirnya lagunya jadi tranding kembali. Jujur bagus juga sangat menyentuh hati ğŸ˜ŒğŸ˜ŒğŸ˜Œ,2025-05-16T06:41:19Z,0
mDw83aS4ALo,UgxVmqkCU7ErBBSAucJ4AaABAg,@ainunyaq_,Ternyata lagunya udah lama kita yang baru tau,2025-05-16T05:16:36Z,1
mDw83aS4ALo,UgzeSGdgLiK5qGZ4qFp4AaABAg,@RachmatulInayah-o1e,3:10 yang dicari,2025-05-16T05:04:11Z,0
mDw83aS4ALo,Ugy1VlXVdRy5fvvMOvp4AaABAg,@bungamena,"Kita satu agama, menyembah Tuhan yang sama, tapi saat aku menadah tangan memohon doa, kau hanya memandang sepi. Saat aku tunduk sujud mengadu pada-Nya, kau berdiri tanpa rasa. Rasanya seperti aku mencintai seseorang dari agama yang berbeza  bukan kerana namamu lain, tapi kerana hatimu tidak menuju ke arah yang sama.",2025-05-16T04:48:30Z,5
mDw83aS4ALo,UgxjdJs9VTs478-Wm694AaABAg,@idandro-nu4hw,ketinggal 2 thn aja kok ngk lama,2025-05-16T04:48:22Z,0
mDw83aS4ALo,UgxI349Cb1bs3grYdXt4AaABAg,@chulopaa,lagunya relate bgt sama hubungan guağŸ˜­,2025-05-16T04:17:52Z,1
mDw83aS4ALo,UgwM2EDpSQvS9N5F2it4AaABAg,@legioncurvanord1908,â˜º,2025-05-16T03:59:17Z,0
mDw83aS4ALo,UgxQKebliNkHe-gZ93B4AaABAg,@donspesmobile975,Ketinggalan 3 thn,2025-05-16T03:03:39Z,0
mDw83aS4ALo,Ugw0Pw4W9JeZZ7sW1794AaABAg,@selvianas8580,Aku meraza tidak satu frekuensi lagi dengan bestie karena dia udh di jalan yg bbeda sementara diriku masih seperti ini nganggur,2025-05-16T02:52:04Z,0
mDw83aS4ALo,Ugyc8W3lgkQsSphbuBZ4AaABAg,@sailoorpluto,"""Kau menggenggam 
Kumenadahnya"" 

deep banget sih ini ğŸ¥²",2025-05-16T02:51:32Z,0
mDw83aS4ALo,UgwP03-qdlXQashTBW14AaABAg,@andiaventurier,Baru 2025 dengar lagu ini ğŸ˜‚,2025-05-16T02:38:57Z,0
mDw83aS4ALo,Ugz1IEQZ1HjmLiEDxjd4AaABAg,@OpoSerang-jt5uw,pee,2025-05-16T02:36:49Z,1
mDw83aS4ALo,UgyWoD5Mwq99riPAdhR4AaABAg,@TUKANGLIVEBL,ğŸ”¥ğŸ”¥,2025-05-16T01:38:54Z,0
mDw83aS4ALo,UgxNyJjVTyjT4ibJLvx4AaABAg,@coolbrothers3502,gg,2025-05-16T01:30:40Z,0
mDw83aS4ALo,UgxPvdVUAXd9SlGr7G94AaABAg,@rioiskandar8516,"Kontrasnya dari kata , menggenggam, menadahnya, kiblatnya",2025-05-16T01:21:31Z,0
mDw83aS4ALo,UgxKNcPdQfmEC9YK1dx4AaABAg,@AiniTaifa-l6m,Busettt ketinggalan 2 tahun,2025-05-16T00:55:08Z,0
mDw83aS4ALo,Ugy3Y36-NLUN8JQfx0x4AaABAg,@buyantoipnu5427,Aku baru tau kalo lagu ini udah 3 tahun,2025-05-15T23:48:31Z,0
mDw83aS4ALo,Ugxa3iTE_UZ1eFN-K3J4AaABAg,@helmikurnia5333,tak kira beda agama ternyata beda perasaan :),2025-05-15T23:42:32Z,0
mDw83aS4ALo,UgwBslbgWckntp6u48l4AaABAg,@Enungyusnia,3 tahun yang lalu... fyp sekarang di tokt*k,2025-05-15T23:35:16Z,0
mDw83aS4ALo,UgzeYGgg_2Co98ULcvl4AaABAg,@DindaZahwa-gi1dk,"aku titip pesanku disini yaaa..

selamat berkelana tuan, semoga bahagia selalu menyertaimu, jangan pernah menyerah dengan segala tujuanmu, jika kita berjodoh, semoga dipertemukan lagi di versi terbaik kita masingÂ², jika tidak dipertemukan kembali, semoga kita bisa mendapatkan pasangan yang terbaik menurut masingÂ²",2025-05-15T23:11:21Z,0
mDw83aS4ALo,UgzDyHnTvbd0J9BKTZd4AaABAg,@SVTVNIC,q,2025-05-15T22:39:18Z,0
mDw83aS4ALo,UgzMWs10ZLYzcw9ZYDt4AaABAg,@YohandaHarmade,5.13,2025-05-15T22:13:50Z,0
mDw83aS4ALo,Ugz-3E4YqbrCcxuIZcx4AaABAg,@hadzyillahhayrul,2.50,2025-05-15T22:04:15Z,0
mDw83aS4ALo,UgyECcyw3L8eV_LsA314AaABAg,@aeriiiides,"Bro, agamanya sama kok, cuma engga dengan cintanya awoakaowkaowkaoakoksayawaowkaoakaokğŸ˜¢",2025-05-15T20:19:42Z,0
mDw83aS4ALo,UgxQJV8Lo4iNKDAg3Xt4AaABAg,@MixMaxMan,Kita ketinggalan beberapa tahun yang lalu gaes,2025-05-15T20:01:48Z,0
mDw83aS4ALo,UgzXOhS8k7gD2AfHypZ4AaABAg,@dees2974,Charita Utami  suaranya magis bgt bikin merinding mantap banget ğŸ˜€,2025-05-15T19:48:51Z,0
mDw83aS4ALo,Ugxh1iKdLcIuo86qKRp4AaABAg,@brilianandreas2833,Mantan ohh mantannğŸ˜¢ğŸ˜Š,2025-05-15T19:43:23Z,0
mDw83aS4ALo,Ugy1_9xELyzuRNTdAtx4AaABAg,@genzoalonk,MANGU itu apa?,2025-05-15T19:32:41Z,0
mDw83aS4ALo,UgwWvvHWpfSjZ4H0mfR4AaABAg,@yosukerechain2000,3 years Ago...ğŸ˜…,2025-05-15T19:01:26Z,0
mDw83aS4ALo,UgzVMLm6gvaiHwKqcl54AaABAg,@diagoyulianda7528,Gila tak tak masuk logika termangu hatiku kau mengemgam ku mendahkannya 2:10 (dalam banget prasa nya ) secara bait gokil.... perbedaan agama  tapi karena hati mungkin bisa bersatu walau tapi  takakan masuk logika salut loe @arilesmana buat prasa bahasa yang  baik..â¤â¤,2025-05-15T18:03:53Z,1
mDw83aS4ALo,Ugwymv0MAVVO1zuqao14AaABAg,@murintosasongko8228,KESINI GARA2 AGUNG KARMALOGY.....â˜ï¸â˜ï¸â˜ï¸â˜ï¸â˜ï¸,2025-05-15T18:02:24Z,0
mDw83aS4ALo,UgzagbHrKMzqObHuP8J4AaABAg,@arifsulaiman300,ğŸ‘â™¥ï¸ğŸ˜ğŸ‡®ğŸ‡©ğŸ¤²,2025-05-15T17:36:48Z,0
mDw83aS4ALo,UgwSOyFmRYGIsjPQQIN4AaABAg,@GuppyfarmJava,Ketinggalan 3 tahunğŸ˜¢,2025-05-15T17:26:17Z,0
mDw83aS4ALo,UgwV9RBr-hnCtHkWLMV4AaABAg,@cahayabaru6077,Ketinggalan 3 thn,2025-05-15T17:23:21Z,0
mDw83aS4ALo,UgwknD9Fm460yv6GFjZ4AaABAg,@FAHMIYT-t7v,"Jangan mengenal terlalu dalam ke seseorang ,jika tidak mau lagu ini di putar di hp kalian",2025-05-15T17:04:43Z,0
mDw83aS4ALo,Ugxv84TfUqrECdFqfPF4AaABAg,@azizaziza8140,Ternyata lagu ini cocok buat ak yg beda agamağŸ˜…,2025-05-15T16:39:32Z,1
mDw83aS4ALo,Ugy2xGhI_3wwQPpu92d4AaABAg,@meilinalb29,Maaf aku mundur walaupun selama ini aku kira kita bisa ğŸ˜¢,2025-05-15T16:16:01Z,0
mDw83aS4ALo,UgyRxdS4X4ImhkIkWux4AaABAg,@alphamg2465,oalah iki to,2025-05-15T15:51:34Z,0
mDw83aS4ALo,UgwPCFLTV9ycgW1LTqx4AaABAg,@pangeran.antasari2867,Baru tau lagunya di tahun 2025ğŸ˜…,2025-05-15T15:43:49Z,0
mDw83aS4ALo,Ugwk-X-uuUJs_aK7SWB4AaABAg,@NuNing-i3i,"Aku memang mencintaimu 
Tapi tidak ingin kamu menghianati tuhanmu 
Dan orang tua mu
Walaupun sampai sekarang rasa cintaku untukmu masih ada,sampai bertemu dikehidupan selanjutnya #sampitkalimantantengah",2025-05-15T15:39:03Z,0
mDw83aS4ALo,Ugzk_ee-hAWlk2tiUIN4AaABAg,@Mass_Arif,Siapa yang cinta pada Nabi nya~,2025-05-15T15:26:11Z,0
mDw83aS4ALo,UgzWFeb1BkvG3d6I4XR4AaABAg,@Vnzyege,""" Agama-mu, agama-mu.....
Agama-ku, agama-ku.....

"" Kau boleh mencintai dia asalkan,
 kau tidak mengambil dia dari tuhannya.....",2025-05-15T15:25:20Z,1
mDw83aS4ALo,UgyFssgi7QvUVCp4T8p4AaABAg,@dedenexe77,Siapa disini yg liatt di TikTok pindah kesiniğŸ˜Š,2025-05-15T15:10:30Z,0
mDw83aS4ALo,UgyqjeDw9GUZisO-JH14AaABAg,@gruptongkrongan,"Dari pertma lagu zona nyaman rilis sampe skrng masih setia dengerin lagu ari lesmana,sampe jaman dulu ari lesmana mau daptar audio tapi di tolak skrng jadi musisi indie yang suaranya sangatt berkesan bagaikan alam dan bumi yang saling menjiwa",2025-05-15T14:29:16Z,1
mDw83aS4ALo,UgwRDlDoX7sOAfEqOhp4AaABAg,@endrosuprapto4993,2121,2025-05-15T14:22:00Z,0
mDw83aS4ALo,UgzSRzoBXg_uFQOzJAh4AaABAg,@sitisari1717,aku kira lagu baru,2025-05-15T14:14:53Z,0
mDw83aS4ALo,UgzoblJCac7DHWdbjGN4AaABAg,@REYVik-e6k,"Lagunya bagus mengisahkan anatara beda agama ğŸ˜¢ , gw kesini gara - gara tiktok",2025-05-15T14:10:09Z,0
mDw83aS4ALo,Ugy8VaQXc8tHSyTbf-h4AaABAg,@vegetablefruits-c1y,â¤,2025-05-15T13:54:27Z,0
mDw83aS4ALo,Ugy2m_c0Lnv9p_KCKad4AaABAg,@yunirachma-mb3km,Kirain lagu baru 2025 ğŸ˜®,2025-05-15T13:52:15Z,0
mDw83aS4ALo,UgxOOse1aQ7a8RgQXFl4AaABAg,@Nonamesht,Team yang udh dengerin lagu ini pas baru rilis ğŸ‘‰ğŸ»,2025-05-15T13:50:25Z,0
mDw83aS4ALo,Ugwf7M3ujFEgZGUsY3J4AaABAg,@dangaming5819,Baru viral 2025ğŸ˜¢,2025-05-15T13:37:35Z,0
mDw83aS4ALo,UgxWXWUiBBpogwsuZfF4AaABAg,@PujiLestari-fj9hl,"2025 baru tau lagu ini gara2 TiktokğŸ˜…
Padahal ini lagu 3th yg lalu ğŸ˜…",2025-05-15T13:28:19Z,0
mDw83aS4ALo,UgzB2obBoScU8rB1UVp4AaABAg,@yayasanmaknabaktichannel,intinya cinta beda agama,2025-05-15T13:22:53Z,0
mDw83aS4ALo,UgxtbwwhMaBbuOBtjwB4AaABAg,@ayasakinah6630,kalo buat yangbeda kota juga kyknya seru,2025-05-15T13:03:02Z,1
mDw83aS4ALo,UgxJzOS6MO8hcN00EqB4AaABAg,@Boy-lh4zt,Denger lagu ini gara gara di IG lihat berita anak gajah tertabrak back sound nya lagu ini ğŸ¥²ğŸ¥²,2025-05-15T12:52:15Z,0
mDw83aS4ALo,UgwDpuo27NLTMFTF0u14AaABAg,@Risdiansyah-t1v,"Gw belajar dari mangu, definisi cinta beda agama adalah,dia lelaki,atau pun perempuan,akan mengikuti orang yang di cintai nya,dan siap menanggung apapun resiko nya",2025-05-15T12:46:32Z,0
mDw83aS4ALo,Ugz2lORF-SuThiwOjU14AaABAg,@yamanisellowiana9549,Ketinggalan 3 tahun..ğŸ˜¢ ternyata sudah ada 3 tahun lalu.. hits baru skg,2025-05-15T12:46:04Z,0
mDw83aS4ALo,UgxJAHzGOsnAjhINISx4AaABAg,@damiaachmad,Sebenarnya lebih sakit dari beda agama adalah seagama tapi beda do'anya ğŸ˜¢,2025-05-15T12:44:59Z,0
mDw83aS4ALo,Ugx0BGVZ8vyRg8H9pCd4AaABAg,@padiaputri9222,"Lah kirain lagunya baru rilis skrng, karna viral.. ternyata sudah 2 tahun yg lalu...ğŸ˜…",2025-05-15T12:35:19Z,0
mDw83aS4ALo,UgzI7Nluwv1sQ2XzkJl4AaABAg,@anggananta00,"Berat kalo sudah beda keyakinan, yang kau minta bukan mengkhianati keluarganya tapi mengkhianati Tuhannya",2025-05-15T12:24:18Z,0
mDw83aS4ALo,UgyMFr4SJZ725SFu7k94AaABAg,@rcacity,Tetap lihat ke depanğŸ–,2025-05-15T12:14:17Z,0
mDw83aS4ALo,UgxPEB6brMK-EDey4eF4AaABAg,@Ginanjarbagus-vs6hy,"uda yapping nya?
nih langsung 3:10",2025-05-15T12:13:57Z,0
mDw83aS4ALo,Ugz17hjrWpegAT5lFCh4AaABAg,@jemijunakaheta9952,ğŸ‘,2025-05-15T11:59:39Z,0
mDw83aS4ALo,UgzVnoRfmbp24Egruil4AaABAg,@SigitPrastiyo-g9q,"2018-2025 
7 tahun' yang sia-sia",2025-05-15T11:58:20Z,0
mDw83aS4ALo,Ugw6C0RJqvHOf4tyrQp4AaABAg,@lilianang6455,BEDA USIA......,2025-05-15T11:48:25Z,0
mDw83aS4ALo,Ugw9Ud3l5ANItEiWb454AaABAg,@artlang8301,Mangu tembus Top 11 chart Spotify global ğŸ™Œ.. Gilaaaa tak masuk logika ğŸ¤¯,2025-05-15T11:44:37Z,0
mDw83aS4ALo,UgyIUIgBbSUNqjtTKX54AaABAg,@yakinlahhsumpah2936,Kirain lagu kemaren sore ternyata sudah 2 tahun yg lalu,2025-05-15T11:08:13Z,0
mDw83aS4ALo,UgzZFZUYfyupl6S74cZ4AaABAg,@LendraningUgroseno,"Tuhan, harusnya pas kmren masi SMA dengerin ini..",2025-05-15T11:02:04Z,0
mDw83aS4ALo,UgxeyNOLKNWNE2vduC94AaABAg,@Teynomm,GG bang ari,2025-05-15T10:57:17Z,0
mDw83aS4ALo,UgzYHPhj9UM33-Za_K54AaABAg,@elzierca,kenapa harus yang beda agama ya? hakikatnya aku pengen sekali sama dia,2025-05-15T10:52:24Z,0
mDw83aS4ALo,UgzJkikiNMOpfJN9N354AaABAg,@oreooke72,Ketinggalan 3 tahun ğŸ˜‚,2025-05-15T10:46:04Z,0
mDw83aS4ALo,Ugyh4soR13XdeIDnqaB4AaABAg,@RanggaRangga-yp7ci,Gw udh muak denger lagu iniğŸ˜©ğŸ˜«ğŸ¤®,2025-05-15T10:41:17Z,0
mDw83aS4ALo,UgyJLR2yT0rcY8k1LaF4AaABAg,@andre.TB.,â¤ï¸â€ğŸ”¥,2025-05-15T10:21:44Z,0
mDw83aS4ALo,UgwDrzI89rgHh6z_fIt4AaABAg,@edanmerpati,https://youtu.be/U423_nD5Ocg?si=m04LzxrWgYfelvZQ,2025-05-15T10:12:30Z,0
mDw83aS4ALo,UgwIGHKQTj7rMR7f36Z4AaABAg,@patarharianja2781,Lirik nya mahal ğŸ˜¢,2025-05-15T10:01:53Z,1
mDw83aS4ALo,UgxUwve0ksSyE5-W3OB4AaABAg,@muharyajdwiputra2605,ya,2025-05-15T09:51:24Z,0
mDw83aS4ALo,Ugy0U6tidrJf8_Hs9K54AaABAg,@didinfidy8165,Oh iniğŸ˜‚,2025-05-15T08:59:50Z,0
mDw83aS4ALo,UgznUp-2r8Tjn5Hj54Z4AaABAg,@tasmotasmo6149,Kenapa saya baru tau lagu ini dr status orang haha,2025-05-15T08:28:13Z,0
mDw83aS4ALo,Ugy33ZcLqWKtBb7pdK94AaABAg,@BustanulmuttaqinMuttaqin,Ternyata ketingalan 3 thnğŸ˜ŠğŸ˜…,2025-05-15T08:01:42Z,0
mDw83aS4ALo,UgyRoQXvG8CTqeBbnL54AaABAg,@ElfiraSalzabilaa,â¤ğŸ˜®,2025-05-15T07:57:54Z,0
mDw83aS4ALo,Ugz4b8ut9VQB1oYJbY94AaABAg,@xyzeaa-yh,"""kau menggenggam, ku menadahnya""
   -cinta zeaa",2025-05-15T07:52:55Z,1
mDw83aS4ALo,UgwyOKF5jwo44GJJXv94AaABAg,@QuensyaQuen,Lagi ap ni palak anj,2025-05-15T07:26:09Z,0
mDw83aS4ALo,Ugwk6bJqQS3__PFbQ6h4AaABAg,@BertodParker,Halo orang fomo,2025-05-15T06:27:00Z,0
mDw83aS4ALo,Ugxf3VRafN7EOFKTaHV4AaABAg,@JuliantiRahma-n1l,"""Kau disana, aku di seberang mu""",2025-05-15T06:18:08Z,0
mDw83aS4ALo,Ugz_7dXIdC4tezb-xEN4AaABAg,@ibadbad4533,Gw penonton ke 21.149.220,2025-05-15T06:05:55Z,0
mDw83aS4ALo,UgyPBUuOHTrmE-pktfF4AaABAg,@AldiSaputra-gw7ze,ngomong apsi si cowonya liriknya gjls,2025-05-15T05:49:06Z,0
mDw83aS4ALo,UgyJzme8jg72OVEl30t4AaABAg,@taufikhidayatnasution1208,Kemana Aja Aku Ada Lagu Keren Seperti Ini ğŸ˜¢â¤,2025-05-15T05:39:53Z,0
mDw83aS4ALo,UgwzzETaKDkBwmiOF7t4AaABAg,@musikkiri9718,"baiklah, ini tidak baik untuk aku dan dirimu jika di teruskan. Terima kasih untuk semua.",2025-05-15T05:23:02Z,0
mDw83aS4ALo,Ugw5x38lLFWef3WxrJZ4AaABAg,@jgagikjgagik3447,gg,2025-05-15T05:07:53Z,0
mDw83aS4ALo,UgzB9BzBSWFonjCJrI54AaABAg,@yhennyvallent22,gak ada kaitan.. tapi nyesek banget pas nyanyiinğŸ˜­ğŸ˜­,2025-05-15T04:52:33Z,0
mDw83aS4ALo,UgzjzrDBAc-fo4Vn9k94AaABAg,@FahriRamadhan-c6x,Lagu nya kerennnn,2025-05-15T04:44:13Z,0
mDw83aS4ALo,UgwaoyrQgbZuCZOaxDV4AaABAg,@Guinnn11,gegara tiktok pasti iniiğŸ˜…,2025-05-15T04:07:13Z,0
mDw83aS4ALo,UgwTcEH9El8PcIk0DrZ4AaABAg,@daffahlevi,"6 Tahun belom bisa move on...

Sempek shock tiba2 denger sudah mau menikah.

Cinta gak harus memiliki. Semoga kamu bahagia dengan suami kamu yağŸ˜Š",2025-05-15T03:16:24Z,0
mDw83aS4ALo,UgxNaC7urkNRdGWc5554AaABAg,@nandamulia0910,"Udh tau lagu ini 3/4th kurleb,,dan skg viral tp gk aneh krna lagu2 nya emg enak smuaâ¤â¤â¤ Fourtwntyâ¤â¤â¤",2025-05-15T02:56:12Z,0
mDw83aS4ALo,UgyvUK2DsX0dpoLIjhd4AaABAg,@FKHeFootball07,"Tuhan memang satu, kita yang berbeda",2025-05-15T02:54:27Z,0
mDw83aS4ALo,UgxdtWMh_1l6Am6YELF4AaABAg,@sonianovita2638,"Kirain lagu baru, ternyata udah 3th lalu
Ketinggalan bgt aku yağŸ˜…",2025-05-15T01:56:02Z,0
mDw83aS4ALo,UgyjKhKvB439rkMqwAt4AaABAg,@bettababangbali8758,kau di kp bulak aku di kp jati.. semoga kamu bahagia â¤â¤,2025-05-15T01:41:33Z,0
mDw83aS4ALo,Ugy_H6kjKjls-p7GY9Z4AaABAg,@yuyunharyanti4311,Ketinggalan 3 tahun,2025-05-15T01:38:25Z,0
mDw83aS4ALo,UgxI8h_CgPX5fxgPH8p4AaABAg,@InsaneFootball3,Tenyata ketinggalan 3 tahun ğŸ˜…ğŸ˜®,2025-05-15T01:23:09Z,0
mDw83aS4ALo,Ugz5NkgjskCCFwwkfs94AaABAg,@chandramahardika-g6f,lagunya syahdu bgt qaq,2025-05-15T01:22:05Z,0
mDw83aS4ALo,UgyEIyzogb0v-OZ2YBF4AaABAg,@K-dol,â¤â€ğŸ”¥,2025-05-15T01:21:47Z,0
mDw83aS4ALo,Ugy-niw3DgRbfFFf8e94AaABAg,@AuraCimoy,"sok""an stel mangu padahal yng beda bukan agamanya tpi perasaannyğŸ˜¢",2025-05-15T00:24:35Z,1
mDw83aS4ALo,UgxpG9UonzRB8oVIYKV4AaABAg,@janwarhermawan943,Gara-gara Mas random mirip bgt ama vocalis band ini yg sing a song di warung baju sama manekinÂ² itu nya aku disini. ğŸ‰,2025-05-15T00:13:48Z,0
mDw83aS4ALo,UgwWhm2uqtIYAuBNKzd4AaABAg,@LidiyaMargaretha11,Trnyta lagu lama,2025-05-15T00:12:16Z,0
mDw83aS4ALo,UgxuYv1ZS_E8kZLNv4V4AaABAg,@NandaAdesaputra-i3l,Enak lagunyağŸ˜Š,2025-05-15T00:03:08Z,0
mDw83aS4ALo,UgwkRw3wsr31PQbkhwx4AaABAg,@yusufthosawitto2926,"Kirain ini Lagu Baru Rilis, langsung viral di IG & Tiktok",2025-05-15T00:01:00Z,0
mDw83aS4ALo,Ugwg4PKm1dQjnCQjJnB4AaABAg,@Redrigo-h2p3y,"gini ni kalo cuma penggemar indiie karbitan, tau kalo udah viral lagunya",2025-05-14T23:36:41Z,0
mDw83aS4ALo,UgzQxX5Py8fhv0P7qqx4AaABAg,@JianRuben,16 Mei 2025,2025-05-14T22:48:26Z,0
mDw83aS4ALo,Ugz_9FSzq3VDxfpGPaV4AaABAg,@johanrandi4040,Bisa saja ku ambil dia dari Tuhan nya. Tapi ku tak tega dia musuhi keluarga nya,2025-05-14T21:02:24Z,0
mDw83aS4ALo,UgzFmHFepL1641V6VKp4AaABAg,@annessinaga-f2w,hmmmm,2025-05-14T20:36:06Z,0
mDw83aS4ALo,UgxXRvbOwLTgFaFx84x4AaABAg,@Wahyuzh,kren,2025-05-14T19:32:36Z,0
mDw83aS4ALo,UgyvSQEgZaTZ6zq5mJh4AaABAg,@danistriawan787,kesini gara2 liat covernya dewi persik. lebih enak aslinya ngena banget,2025-05-14T18:24:44Z,0
mDw83aS4ALo,Ugw5GcYfaS9q_01d1TV4AaABAg,@suharyanapratama2674,Jangan salahkan fahamku kiri tertuju ooooo,2025-05-14T17:56:41Z,0
mDw83aS4ALo,UgzYGFyZbwM3u2C72Jp4AaABAg,@RizkiPhone-ql5ew,"4 tahun bukan waktu yang lama bukan pula waktu yang sebentat,tapi dia pergi dengan yang baru",2025-05-14T17:43:02Z,0
mDw83aS4ALo,UgzPT8JkbKtYWkIgkp54AaABAg,@agampanduferrari8004,"Kok aku nangkepnya ini antara muslim dengan yang murtad ğŸ—¿ karena ""tak lagi sama cara berdoa"". Dan ""arah kiblatnya"" ini syiah ğŸ˜‚ğŸ—¿",2025-05-14T17:35:34Z,0
mDw83aS4ALo,UgwvcyVfr1nIdd65Kw94AaABAg,@nofear1342,Baru ketemu judulnya ğŸ˜‚ enak juga candu jadinya,2025-05-14T17:35:23Z,0
mDw83aS4ALo,UgzUejcRwSWo6KEWuH94AaABAg,@MadanSaragih-xv6rm,Aku baru dengar di 15 mei 2025 â¤,2025-05-14T16:51:25Z,0
mDw83aS4ALo,UgwEbZpBkXGegf_UJ854AaABAg,@Mendes-o3u,"Aku pernah mencoba mencintai seseorang dengan tulus, namun secara tiba-tiba orang itu menghilang. Aku tidak menyalahkannya, semuanya salahku karna telah menaruh harap dan rasa yang berlebih kepadanya. bahkan sampai detik ini aku belum bisa melupakannya meskipun ia telah hilang ntah kemana.",2025-05-14T16:35:59Z,0
mDw83aS4ALo,UgwN3Yp7s1sNXLUQiaN4AaABAg,@GunaGuna-c6u,Yg beda perasaan yang diputar beda keyakinan,2025-05-14T16:26:37Z,0
mDw83aS4ALo,UgxHur_ImCWRb22-oIN4AaABAg,@penggunayoutube5993,Wow.. Ternyata udah dr 3th lalu yağŸ‘,2025-05-14T16:14:00Z,0
mDw83aS4ALo,UgyicWjO5LHW0N8IC6N4AaABAg,@rista_heny,Kirain lagi baru ternyata 3 years ago ğŸ˜¢,2025-05-14T16:11:00Z,0
mDw83aS4ALo,Ugy9jtjB0STAFb69O6l4AaABAg,@GURU_ICHALL,ko baru tau skrg2 ya lagu ini ğŸ˜…,2025-05-14T16:06:45Z,0
mDw83aS4ALo,UgzKScxQTlSNUZfH0dd4AaABAg,@SumitMedan,"mey, love you â¤",2025-05-14T15:44:29Z,0
mDw83aS4ALo,UgwTBA_p8ezL-TI8ZKp4AaABAg,@fathinmuharromi18,ğŸ”¥,2025-05-14T15:42:48Z,0
mDw83aS4ALo,UgwTJpV4dA3nNEHj5ad4AaABAg,@RorrKraken,Fyp 2025,2025-05-14T15:42:34Z,0
mDw83aS4ALo,Ugx3v70Zotmbwy6r1iR4AaABAg,@GioAja-kb6wf,ğŸ˜Œ,2025-05-14T15:04:27Z,0
mDw83aS4ALo,UgzQXEpFf0lRT0hL0994AaABAg,@amsaltegamendila2868,Kirain lagu baru rupanya udh 3 tahun yg lalu,2025-05-14T14:48:08Z,0
mDw83aS4ALo,UgxhfqhBfKNLcwN5ZUV4AaABAg,@UNBI33,Ketinggalan 3 Tahun,2025-05-14T14:10:24Z,2
mDw83aS4ALo,UgwGRpJGUcZ9udoD9gp4AaABAg,@byyou2527,Ku diIstiqlal kau diCaterdral ğŸ˜¢ğŸ˜¢ semoga kau bahagia selalu,2025-05-14T14:09:51Z,2
mDw83aS4ALo,UgzBHUmV5dsRTL_H5Md4AaABAg,@Kiki-g6g4c,"ya alloh pada fomo ya lo pada ,,apa2 kebelet viral",2025-05-14T14:05:31Z,1
mDw83aS4ALo,Ugym5R4MS-VDrbkEi2R4AaABAg,@aditamaajah6822,ğŸ”¥ğŸ”¥ğŸ”¥ğŸ”¥,2025-05-14T13:56:38Z,1
mDw83aS4ALo,Ugy_vCIBdbV4A11pdCt4AaABAg,@rebeccajohen7771,"Hadir 05/2025 âœ… Balik kj malam dgr lagu ni kat kereta, feel dia lain mcm â˜ºï¸",2025-05-14T13:52:49Z,1
mDw83aS4ALo,Ugw-vlrU7sDqn6eagRx4AaABAg,@RakaFirmansyah07,Sayang banget lagunya lagi hype pas fourtwnty hiatusğŸ¥¹,2025-05-14T13:39:01Z,0
mDw83aS4ALo,UgwvElo2GTj27WuJiE94AaABAg,@vinakondororik31,Kesini karena di tik tok fyp berandaku lagu ini,2025-05-14T13:23:41Z,1
mDw83aS4ALo,Ugxik0iOaQMtoU3z_bB4AaABAg,@Anyaart80,Ketinggalan 3 tahun,2025-05-14T13:13:41Z,0
mDw83aS4ALo,UgyhEtF-hdZNuEfk4Kx4AaABAg,@rekamjejak8969,ğŸ˜‚ğŸ‘‡,2025-05-14T13:09:24Z,0
mDw83aS4ALo,Ugy8odawQ4U8PszDg_54AaABAg,@ikki-_-,Sia bararacot ajg,2025-05-14T13:01:42Z,0
mDw83aS4ALo,UgzA2hYLx3sr9tua8Gh4AaABAg,@AyanaHiranya,ğŸ˜¢ğŸ‰,2025-05-14T13:01:37Z,0
mDw83aS4ALo,Ugy8YOVqYZiO2ddrdPt4AaABAg,@MardiansyahArdie-mt2go,Udah 3 thun ğŸ˜‚ğŸ˜‚ baru dengar,2025-05-14T12:17:16Z,0
mDw83aS4ALo,Ugwumif2dFVjAVctvQF4AaABAg,@diahlestari7776,Hampir 2 tahun kita bercerita namun tiba tiba skrg dia menghilang tanpa satu pesan pun ğŸ’”,2025-05-14T12:09:25Z,0
mDw83aS4ALo,UgxXc5ODiYbHdkft-4t4AaABAg,@miyurry8062,"Scroll Keman aja selama 2 tahun lalu, sampai gak jumpa lagu sebagus ini ğŸ¥¹ norak beut gue",2025-05-14T12:07:24Z,0
mDw83aS4ALo,UgzljUzGg_JHNTRGGFp4AaABAg,@rosma1101,1.5 menit terakhir bagus beut,2025-05-14T12:00:04Z,0
mDw83aS4ALo,UgyWxjGZFg92wui7S6p4AaABAg,@AgyaKuning-y4p,Gua ketinggal 3 tahunğŸ˜‚ğŸ˜‚,2025-05-14T11:55:46Z,0
mDw83aS4ALo,Ugys9EUnDx1MI7g0dPh4AaABAg,@aicapung9388,Aku ketinggalan ğŸ˜®,2025-05-14T11:50:52Z,0
mDw83aS4ALo,UgxlZaaclCLN1HtbrkV4AaABAg,@henriahmad1338,3 tahun yg lalu tiap masuk cafe live music request lagu ini nggak ada yg tau ğŸ˜¢ğŸ˜¢ğŸ˜¢,2025-05-14T11:50:41Z,0
mDw83aS4ALo,UgyfaTI2lJ9R-NqW7JN4AaABAg,@shandyyudha5662,Merinding denger nya,2025-05-14T11:49:46Z,0
mDw83aS4ALo,Ugy02ZMfZdBxBTzjHmF4AaABAg,@DiahWidyawati-gm5lv,"Fourtwnty - Mangu

Suatu malam adam bercerita
Hawanya tak lagi di jalur yg sama
Bacaan dan doa yg mulai berbeda
Ego dan air mata kita bicara

Gila tak masuk logika
Termangu hatiku
Kau menggenggam 
Kumenadahnya

Berdamai dengan apa yg terjadi
Kunci dari semua masalah ini
Jujur tak mudah untuk melangkah pergi
Ini soal hati bukan yg diyakini

Gila tak masuk logika
Termangu hatiku
Kau menggenggam 
Kumenadahnya",2025-05-14T11:47:42Z,3
mDw83aS4ALo,UgxbdktHF1Fz2McqQXl4AaABAg,@Nanda23Nand23,cis dulu yang nonton di 2025,2025-05-14T11:47:03Z,0
mDw83aS4ALo,UgzUx8rnmIpmCOak8h94AaABAg,@AlvinoFarqah-wn6nt,Baru sadar ternyata lagu ini udha lama norak bgt gue anjir ğŸ˜‚,2025-05-14T11:24:52Z,1
mDw83aS4ALo,UgyJbB2YY1k38QkuZoJ4AaABAg,@AriefAndi-t6f,Di akhir nya doang yg viral trnytağŸ˜‚,2025-05-14T11:23:58Z,0
mDw83aS4ALo,UgwyFoN1zmY5fZ2eNZt4AaABAg,@ë½€ë¡œë¡œê·€ì—¬ìš´,ğŸ‘¯,2025-05-14T11:12:13Z,0
mDw83aS4ALo,Ugy_NhcJlptXiR45Q7N4AaABAg,@DuniahewanAi_1,3:08,2025-05-14T10:59:28Z,1
mDw83aS4ALo,UgxYu5iKeCNAyojvWFl4AaABAg,@syaegaming,Lagu seindah ini sampe gua ketinggalan 2 tahun lebihğŸ˜¢,2025-05-14T10:25:59Z,0
mDw83aS4ALo,Ugwrgt_jculeJOxnr4N4AaABAg,@achchannel2975,Di tempatku ad desa yg namany juga mangu,2025-05-14T10:19:05Z,0
mDw83aS4ALo,UgxnK_maVyMBzuNUc2B4AaABAg,@user-mw2xj6re2e,Siapa yang kesini gara gara Tik tok,2025-05-14T09:56:53Z,0
mDw83aS4ALo,Ugw84do0Y_hxiElqO1R4AaABAg,@gustisusilowati69,TtttttğŸ‰ğŸ‰ğŸ‰ğŸ‰,2025-05-14T09:53:55Z,0
mDw83aS4ALo,Ugyl5dJoQITCpHkDts94AaABAg,@fikrimardiansyah6358,"Bener"" Di pertanyakan bgt, setiap lagu yg ciptakan atau di upload di media sosial nya beberapa tahun yg lalu,, Tpi viral/trendnya baru skrng"".",2025-05-14T09:38:52Z,0
mDw83aS4ALo,UgyybcH8k-6x7uF6Y-N4AaABAg,@fajarmubasit-s4s,Jangan apa?  Jangan menyerah kecuali beda agamaâ˜ºï¸â˜ºï¸,2025-05-14T09:22:53Z,1
mDw83aS4ALo,UgykBbCcrfHxDW82tVJ4AaABAg,@mandaNayu,terakhirğŸ˜‚,2025-05-14T09:22:24Z,0
mDw83aS4ALo,UgxeQLNBvKT6fuoF_ZN4AaABAg,@GernaldiGernaldi,lagu ini menggambarkan seseorang sehabis hujan menghayal masa - masa sulit dalam pekerjaan atau percintaan,2025-05-14T09:17:07Z,0
mDw83aS4ALo,UgxpO3vp4qgqsE7HlWF4AaABAg,@slanknggakadamatinya7962,y,2025-05-14T08:59:18Z,0
mDw83aS4ALo,UgyQ7UoUShvJlaPqyTl4AaABAg,@RaihulNifki,gw terakhir,2025-05-14T08:29:53Z,2
mDw83aS4ALo,Ugz0LOLsz_FiwUKds3p4AaABAg,@putrinabilayuhandahtb6194,Mm???? MmmğŸ˜ŠğŸ˜ŠğŸ˜ŠğŸ˜ŠğŸ˜ŠğŸ˜ŠğŸ˜Š,2025-05-14T08:15:55Z,0
mDw83aS4ALo,UgxqswI2uccwi81AacJ4AaABAg,@AHMAQS969,3:10 bikin mrinding,2025-05-14T08:12:17Z,0
mDw83aS4ALo,Ugz-HsJsbQBX_gVPN8B4AaABAg,@umarsaid3185,MewekğŸ˜­,2025-05-14T07:54:34Z,0
mDw83aS4ALo,Ugy3rBQ6r5EdXiPQv0p4AaABAg,@nurraga14official62,Kesini karena fyp berduka anak gajah laka yuuk kumpulğŸ˜”,2025-05-14T07:33:06Z,0
mDw83aS4ALo,UgxXdDto59Ov3roG_Tx4AaABAg,@exxenexex9633,Pada fom0,2025-05-14T07:07:47Z,0
mDw83aS4ALo,UgykVrTzREAlxV9LTAJ4AaABAg,@dionzes,3:06,2025-05-14T07:01:19Z,0
mDw83aS4ALo,UgwGL6G_YDVGIxkdlHl4AaABAg,@SunGokong.1,Ana tertinggal 3 tahun temanÂ² ğŸ˜‚,2025-05-14T06:56:12Z,1
mDw83aS4ALo,Ugyd5C6koAfdt2TiIoR4AaABAg,@caica5681,Nonton ini sambil beresÂ²rmh emang seasik ituğŸ˜Š,2025-05-14T06:50:02Z,0
mDw83aS4ALo,Ugz_SoKaRwe-5pGsg3V4AaABAg,@Anam0102-u8z,aku kira ini lagu baru ğŸ˜… ternyata udah 3 tahun lalu aja,2025-05-14T06:21:26Z,0
mDw83aS4ALo,UgzP7ls5PU5QQc-GNt14AaABAg,@bimbomyyps9751,lha iya 3 tahun lalu,2025-05-14T06:01:10Z,0
mDw83aS4ALo,UgwYWZlX_ryv4ZCdG0p4AaABAg,@dinidaffa816,"Dikira lagu baru tenyata sudah 3 tahun,",2025-05-14T05:58:29Z,0
mDw83aS4ALo,Ugz5LwS75pO6ZxxJjKt4AaABAg,@EvhaaOcthavhia,Udah 3 th yaa.. ku kira masih baru.. kenal garaÂ² rama batik & viral pasanğŸ˜‚ğŸ˜‚,2025-05-14T05:56:04Z,0
mDw83aS4ALo,UgwGxs7-2SD_KNfNdox4AaABAg,@PutriNabila-t7r,ternyata ketinggalan 3tahun,2025-05-14T05:52:58Z,0
mDw83aS4ALo,Ugyf_UFarf48S1kqChB4AaABAg,@DwidasaJanumagi,Cerita kita... tak lagi sama.. :),2025-05-14T05:51:39Z,0
mDw83aS4ALo,UgwXcRn7Jvu8y9nwNWR4AaABAg,@fajarflo2011,14 Mei 2025. Biarkan waktu berjalan apa adanya,2025-05-14T05:45:17Z,0
mDw83aS4ALo,UgwLVtvFrsHl-HrhgfZ4AaABAg,@waineeos7856,Masya Allah pakai headset kabel bass enaaakkk bangettt,2025-05-14T05:12:35Z,0
mDw83aS4ALo,Ugz422RmedlW8dUczod4AaABAg,@MuhammadMuhibbuddin,Baru dengar lagu ini dan baru tahu ada Band ini,2025-05-14T05:11:06Z,0
mDw83aS4ALo,UgwFtSN-Rj8Mh_zr0Lh4AaABAg,@nurmanib50,kok baru viral skrg ya,2025-05-14T05:06:58Z,0
mDw83aS4ALo,UgzedRuyoB-2597pybx4AaABAg,@queen7387,"Kok lagu sebagus ini bisa""nya aku ketinggalan ğŸ˜­ğŸ˜­ğŸ˜­",2025-05-14T04:57:55Z,0
mDw83aS4ALo,Ugw3-YA4OrUK-GOuvhp4AaABAg,@jenirahmawati9416,Enak lagunya â¤,2025-05-14T04:53:14Z,0
mDw83aS4ALo,UgzKcZr5BCCh9Q4cXVJ4AaABAg,@BocildesaBoket,R,2025-05-14T04:46:19Z,0
mDw83aS4ALo,UgwuJ79hfGA3pzh3fHB4AaABAg,@AriamanBatee,Knp ni lagu baru FYP skg sihh??,2025-05-14T04:15:12Z,0
mDw83aS4ALo,Ugz6rveaAOgpf-Azpr54AaABAg,@suliyahsuliyah9238,Cinta sendirian sakit yağŸ˜¢,2025-05-14T03:57:53Z,1
mDw83aS4ALo,UgwsDPP7RKljAka7OpZ4AaABAg,@mujahidaharinil9808,ğŸ”¥,2025-05-14T03:52:44Z,0
mDw83aS4ALo,UgzeFuoZNFLLlqCqnp54AaABAg,@OMRISKY-i7i,Kog mirip lagunya Damien rice ya ğŸ˜ŠğŸ˜Š,2025-05-14T03:50:39Z,0
mDw83aS4ALo,UgzPMBeBl38OH0AUgdx4AaABAg,@ayunduru-df3pq,"hai untuk kamu yang udah jauh di sana apa kabar, aku sangat merindukan mu, aku harap kamu juga sama",2025-05-14T03:47:14Z,0
mDw83aS4ALo,Ugy7Nj_HgowvH35fqgJ4AaABAg,@DirgaAswad,3 tahun lalu??ğŸ˜®ğŸ˜®,2025-05-14T03:34:12Z,0
mDw83aS4ALo,UgzEsMjUzArq0FgnSKl4AaABAg,@SayutiUti-h9b,3:15,2025-05-14T03:32:31Z,1
mDw83aS4ALo,Ugy732uMzFOdjOyH60p4AaABAg,@nurulsarinih832,"""Jujur tak mudah untuk melangkah pergi, Ini soal hati bukan yg diyakini"" 

I wasnâ€™t expecting to fall deeper,â€¨yet somehow, you opened up my heartâ€”
the soul Iâ€™ve kept in silence for years,â€¨slowly drifting me away from my echoes.

Your love is warm and cozy,â€¨lighting up my world again.
â€¨But the further I go,â€¨the more I start to wonder:â€¨
am I enough for you?â€¨do I even deserve you?

Oh damn,â€¨I fall back into a cold slumber.

Day by day,â€¨moment by moment,â€¨youâ€™ve changed.

The way you actâ€¨is the answer to all my unspoken questions.

May you never find me againâ€”â€¨
the pure me.",2025-05-14T03:13:35Z,1
mDw83aS4ALo,UgxZWM7-acqCkJ9yK1R4AaABAg,@fajarhariis9777,termangu mangu,2025-05-14T03:12:22Z,0
mDw83aS4ALo,UgwBr0iD8jHjtEKOJ354AaABAg,@srimaimunah576,Ternyata ketinggalan 3 th,2025-05-14T03:09:10Z,0
mDw83aS4ALo,UgyZSJM_qSqx34z5ZyF4AaABAg,@jehan-b6y,LAGU BOSANN ALAY JAMET LUCU LAWAK SEDIH,2025-05-14T03:07:23Z,0
mDw83aS4ALo,Ugy0AvHpMj8EM4lwuM54AaABAg,@tamaracuantik4554,Kok aku baru tau ada lagu sekece ini,2025-05-14T03:07:23Z,0
mDw83aS4ALo,UgxzanSnLbl20PAEMdp4AaABAg,@amiislamiati910,Cinta beda keyakinan sangat menyakitkan ğŸ˜¢,2025-05-14T03:06:05Z,0
mDw83aS4ALo,UgwZVK5_J28DxwcVYkh4AaABAg,@YaniSaid-h7t,Secandu itu sekarang,2025-05-14T03:02:56Z,0
mDw83aS4ALo,UgyK8F4HkXO5ZWWKbIl4AaABAg,@ahmadgilangsaputra5951,lagu seperti kisahku bukan karna beda agama tadi karna tak sejalan dengan apa yang sudah di rencanakanâ˜ºï¸,2025-05-14T02:44:29Z,0
mDw83aS4ALo,Ugwf4LmZqmVbQ43PfiR4AaABAg,@Greenstreet-j1z,"Kanapa baru viral sekarang ya , padahal dah lama gua dengerin nya ğŸ˜‚",2025-05-14T02:31:01Z,1
mDw83aS4ALo,UgyZnGkOzjjMaDhPbmt4AaABAg,@muhammadalfikri7167,Ini lagu bener2 masterpieceğŸ‰ğŸ˜Š,2025-05-14T02:27:36Z,0
mDw83aS4ALo,Ugz-NsGl3pUCMKTJT4l4AaABAg,@AeniiAnggraenii,Tim yang dengerin lagu ini karna habis denger Dewi kdrt juga lagu iniğŸ™ğŸ˜Œ,2025-05-14T02:22:28Z,0
mDw83aS4ALo,Ugz_-i3lOwPBE8em0-B4AaABAg,@NovalKece-l4y,Ini lagu tentang orang yang saling mencintai tapi beda agama yağŸ˜¢,2025-05-14T02:01:13Z,0
mDw83aS4ALo,UgzpGIf1FjidCDwakYR4AaABAg,@alexcimilikitiw6201,ja,2025-05-14T01:08:53Z,0
mDw83aS4ALo,Ugzvv9IAZwRNVrs8j3V4AaABAg,@just-todd1682,"**Untuk Kamu, yang Aku Cintai Tapi Tak Bisa Aku Miliki**

Kita pernah bermimpi, bukan? Tentang masa depan, rumah kecil, pagi-pagi dengan kopi dan obrolan ringan, tentang menua bersama. Tapi kenyataan ternyata tak seindah harapan.

Kita tumbuh di dua dunia yang berbeda â€” dunia yang mengajarkan kita untuk percaya, tapi juga memisahkan kita karena kepercayaan itu sendiri.

Kamu nggak salah. Aku juga nggak salah. Kita cuma lahir di jalan yang berbeda, dan meskipun cinta kita kuat, ternyata tak cukup kuat untuk melawan tembok yang dibangun oleh aturan, tradisi, dan keyakinan yang telah ada jauh sebelum kita saling mengenal.

Sakit, ya? Menyadari bahwa meski hati kita saling memilih, dunia tetap berkata ""tidak."" Bahwa kamu dan aku harus melepaskan sesuatu yang begitu dalam, bukan karena tak cinta, tapi justru karena terlalu cinta, tapi tak bisa memaksa.

Mungkin nanti, di kehidupan yang lain â€” kalau ada â€” kita bisa jatuh cinta lagi tanpa harus takut akan perbedaan. Tanpa harus merasa bersalah karena mencintai seseorang yang â€˜tak seimanâ€™.

Untuk sekarang, aku pamit. Bukan karena aku berhenti mencintaimu, tapi karena aku belajar mencintaimu dengan cara melepaskan.

Terima kasih sudah datang, dan maaf karena kita tak bisa sampai tujuan bersama.

Selamat tinggal, kamu yang pernah jadi segalanya.

â€” Aku

---

Kalau kamu mau versi yang lebih pendek, lebih personal, atau ingin ditambahkan pengalaman pribadi kalian, aku bisa bantu menyesuaikannya. Mau?
entu, berikut ini note sedih tentang pasangan yang harus berpisah karena perbedaan agama â€” tema yang sangat berat dan menyakitkan bagi banyak orang:",2025-05-14T01:08:43Z,0
mDw83aS4ALo,Ugw410KeI0MYHIuLTYd4AaABAg,@VARNABLACK,"Gini amat yaa kalok hobi gak di dukung ortu sampe"" dia bilang ke kita buat jangan sekolah lagi demi GK main hobi itu padahal ğŸ˜­ğŸ˜­ğŸ˜­ğŸ˜­ğŸ˜­ğŸ˜­ğŸ˜­ğŸ˜­",2025-05-14T01:07:00Z,0
mDw83aS4ALo,Ugzbmp69Czy3RTRi2kN4AaABAg,@dyn3347,Ehhh kok udah 3thn yg lalu,2025-05-14T00:56:40Z,0
mDw83aS4ALo,Ugw2Aw1conyaqxhQhlV4AaABAg,@dedekwahidwulandari5422,Ternyata 3th lalu ya ni laguğŸ˜Š,2025-05-14T00:50:12Z,0
mDw83aS4ALo,Ugyos61II2gLGnv8WyZ4AaABAg,@Cekyun-f1i4m,Ku kira Bru rilisğŸ¤£,2025-05-14T00:18:15Z,1
mDw83aS4ALo,Ugz8ssXuf_rN7auRQy14AaABAg,@iirnurifah4896,"Dalem banget, ga punya pengalaman cinta beda agama tapi lagu ini nyentuh bgt",2025-05-14T00:12:51Z,0
mDw83aS4ALo,UgzeUZfvz2CLD80iH6Z4AaABAg,@zamalalafghani1632,Siapa yang pertama dengerin nyangkanya salah lagu,2025-05-14T00:01:23Z,0
mDw83aS4ALo,Ugwpf9QOc5CtQvYznvF4AaABAg,@Cakpetruk_nengdian,"Pendengar musik di tahun ini
- Anak anak yang mulai remaja
- Remaja yang beranjak Dewasa
- Dewasa yang bermain sosial media
- Dewasa yang mulai berubah selera musik, kopi, makan dan tempat tongkrongan ğŸ˜…ğŸ˜…ğŸ˜…",2025-05-13T23:37:03Z,1
mDw83aS4ALo,UgwxnQHiej3kweft_KJ4AaABAg,@nitalistiana4129,Sukaaaa bgt sama lagunyaâ¤,2025-05-13T23:22:08Z,0
mDw83aS4ALo,Ugwn8T9KyjcgLU4DeRt4AaABAg,@EkoSaputraa18,"Kirain lagu baru , ternyata ketinggalan 3tahun",2025-05-13T23:13:41Z,1
mDw83aS4ALo,UgxwoSBTTLPSqkUWAh54AaABAg,@pandora4592,Pas lompat ke 3:10 ada keterangan paling sering direplay cok ğŸ˜‚,2025-05-13T23:05:33Z,0
mDw83aS4ALo,UgwQLkm4_5pOVrl0vdR4AaABAg,@BayuSyahputra-z4j,ğŸ©¶,2025-05-13T22:28:07Z,0
mDw83aS4ALo,UgxzLLkxQETWT-L6-Pl4AaABAg,@iggo959,ğŸ‘,2025-05-13T19:44:57Z,0
mDw83aS4ALo,UgwSPJQdpEwIJ2EYKat4AaABAg,@NurNurida-o1f,Se enak ini yaaa ğŸ˜¢ğŸ˜Š,2025-05-13T18:40:28Z,0
mDw83aS4ALo,UgzEKgcgaTxIRoLKDt54AaABAg,@ZulfikarUhis,Ya ku harus memilih tuhanku.,2025-05-13T18:11:51Z,0
mDw83aS4ALo,Ugz8LYwbEVDZz897A2N4AaABAg,@sudiono4382,"ini akun ayah, tapi lewat akun ini aku mau menyampaikan sesuatu boleh ya?
hai mangu! suatu kebetulan lagu keren ini mengiringi kisah pilu ini, maksudnya ini mangu versiku ceritaku yang entah punya keberanian dari mana be his important person who have different beliefs with this self, tolong kasih ujung yang indah sekalipun itu adalah perpisahan, berikan keluasan hati pada kami dan kuncinya biarkan kata ikhlas kami cerna dengan baik dan seksama dari cerita ini. thanks for make me feel loved, and sorry cs always hurts ur heart. aiiiiiii kamu bagian dari ceritaku.",2025-05-13T18:08:17Z,10
mDw83aS4ALo,UgzRHsoJ2RpciDMidAF4AaABAg,@RizkiMcDonnellDouglas,Ketinggalan 3 tahun ğŸ˜¢,2025-05-13T18:04:54Z,0
mDw83aS4ALo,UgxgTPSMYUJ5P_juDtl4AaABAg,@faniarahadian5397,Kamu dan aku = cerai,2025-05-13T17:23:40Z,0
mDw83aS4ALo,UgwmJx-uNSjpafCip9p4AaABAg,@haerin022,Cinta dan keyakinan yang beda ğŸ˜­ğŸ˜­,2025-05-13T16:42:44Z,0
mDw83aS4ALo,UgyOYDCDKCFPqq58aHl4AaABAg,@FADHILGA,"ku kira lagu baru, eh udah 3 tahun",2025-05-13T16:42:40Z,1
mDw83aS4ALo,UgyemJYucuBFwdri1x14AaABAg,@DaviPutra-i2u,ğŸ”¥ğŸ”¥ğŸ”¥,2025-05-13T16:23:05Z,0
mDw83aS4ALo,Ugyai0rbSnpaXI8EhgZ4AaABAg,@aallifajaa,3tahun laluğŸ˜®,2025-05-13T16:22:51Z,0
mDw83aS4ALo,UgzT5JAl4ewXRfH3S1h4AaABAg,@DonySetia-q5p,"Kesini gara"" tiktokğŸ˜Š",2025-05-13T16:20:39Z,0
mDw83aS4ALo,UgzLNhZx6UTM6P7fh7p4AaABAg,@legapramuja,jangan pernah menyerah kecuali beda agama,2025-05-13T16:02:18Z,0
mDw83aS4ALo,UgyaoALporu9eB1e6K54AaABAg,@randyarrahman1525,Buset 3 tahun yg lalu,2025-05-13T15:37:49Z,0
mDw83aS4ALo,Ugz1eXZOT4xj3u6cBlZ4AaABAg,@AhmadRezki29,Kocak ketinggalan zaman guağŸ˜‚,2025-05-13T15:33:38Z,0
mDw83aS4ALo,UgxMaz7OQrndjqPsNaR4AaABAg,@bakhaidel,delete lagu mukik,2025-05-13T15:13:37Z,0
mDw83aS4ALo,UgyfQtlQWNKnJ2OLvJp4AaABAg,@bakhaidel,lagu kikkkkk,2025-05-13T15:13:28Z,0
mDw83aS4ALo,UgwbkOv3cXEY6IonqzV4AaABAg,@mujahidaharinil9808,â¤ï¸,2025-05-13T15:07:56Z,0
mDw83aS4ALo,UgzvoJ0gOu-SOLmtwmZ4AaABAg,@zakiaulia4777,"Kesini gara2 Dewi persik, ternyata udah 3 tahun",2025-05-13T15:06:52Z,0
mDw83aS4ALo,UgyQ9ywQ1UzsfSa3cwl4AaABAg,@febrindahchanel5631,Hello from 2025,2025-05-13T15:06:17Z,0
mDw83aS4ALo,UgxNe7O5GfI7zg3OPON4AaABAg,@MrShadow46,Toleransi sesama agama lebih baek apapun agamaMU...,2025-05-13T15:04:41Z,0
mDw83aS4ALo,UgzBldW4JAwiDFfguNp4AaABAg,@mrosydrhido,Kok lagu sebagus ini baru tau,2025-05-13T14:38:43Z,0
mDw83aS4ALo,Ugwxp4Pwt9OTXzVbtvt4AaABAg,@kriscahyono4846,Dari pemahamanku sepertinya Kekasihnya pindah agama,2025-05-13T14:37:56Z,0
mDw83aS4ALo,UgxPvYtMBCX_VsnpUB54AaABAg,@g.a.p.pratama3983,komentarnya pada soksok melow ajg,2025-05-13T14:32:54Z,0
mDw83aS4ALo,UgylIu5Fz07ChvfUakl4AaABAg,@kokomkomariyah3512,"Kemana aja aku,baru tau lagu seenak ini..ğŸ˜­",2025-05-13T14:15:27Z,0
mDw83aS4ALo,UgxXcGWU4KTCF3ladLN4AaABAg,@ditontonbagsjjd9754,tuhan mempertemukan kita bukan menyatakan nyağŸ˜,2025-05-13T14:12:06Z,1
mDw83aS4ALo,UgwRx4nbV1cTkv4mhet4AaABAg,@mohdzainuddin6506,"Ku kira lagu baru, ternyata lagu udah 3 tahun lepasğŸ˜¢ğŸ‘ğŸ»",2025-05-13T13:56:33Z,0
mDw83aS4ALo,UgxCW7dAu1wgKMhRzDB4AaABAg,@nounara2604,"Ya ampun lagu 3thn lalu...
Viral d 2025... selamat..",2025-05-13T13:25:50Z,0
mDw83aS4ALo,Ugx0jmc2MaQzSW8ZUNV4AaABAg,@kansifitria,ketinggalan jaman aku niğŸ˜ª,2025-05-13T13:21:50Z,0
mDw83aS4ALo,Ugy5qet7zl6wXA3xxIJ4AaABAg,@AnnisaRizky-h3d,Kesini gegara Angie yg nyanyiin,2025-05-13T13:21:04Z,0
mDw83aS4ALo,Ugz_VcOJ4PBkVD5RV7l4AaABAg,@agungwijaya-ym3pm,Mungkin cerita tentang antara Adam dan hawağŸ˜‚ğŸ˜‚ğŸ˜‚ğŸ˜‚,2025-05-13T13:20:13Z,1
mDw83aS4ALo,UgxwxsaI6dWgIcc4_jV4AaABAg,@AskaMaulanaRamdhan,Ternyata ketinggalan zaman,2025-05-13T13:11:50Z,0
mDw83aS4ALo,UgwsGdNLppRmyinOzel4AaABAg,@fathinmuharromi18,ğŸ¤£,2025-05-13T13:04:02Z,0
mDw83aS4ALo,UgzZp73dScsI09tg1BV4AaABAg,@bayusetiaramadhani571,"aku menyimpan seseorang di lagu Mangu bukan karena beda agama, namun beda perasaan.",2025-05-13T12:55:27Z,0
mDw83aS4ALo,UgyF_87wXZd4PbOtiIl4AaABAg,@akbarbernama5677,klimaks emang 3:10 !!!!,2025-05-13T12:51:02Z,0
mDw83aS4ALo,UgyC9ToiQQEey3Oqvlt4AaABAg,@irawati3766,Tau lagi ini 2025,2025-05-13T12:18:04Z,0
mDw83aS4ALo,UgzxyjLwmb28donOFXd4AaABAg,@tiyochanel,Saat ini istri saya menggugat cerai setelah 1thn kita pisah tgl 19 mei nanti udah persidangan cerai saya ikhlas kalau itu membuat dia bahagia walau hati saya sakit,2025-05-13T12:02:48Z,0
mDw83aS4ALo,UgwfV9-mcnUm6lF4XDR4AaABAg,@anggunmoon-x,ketinggalan 3th..,2025-05-13T11:37:20Z,0
mDw83aS4ALo,UgyL_XsyhQeNI-FLrIB4AaABAg,@DeniTriHartati,satu lagu namun memiliki banyak arti yang mendalam tergantung kita menafsirkannya..,2025-05-13T11:16:33Z,0
mDw83aS4ALo,UgwbRX3MDoIWQqnWklV4AaABAg,@bolmeong5,"Selamat berlayar dengan kapal baru mu 
Semoga kapal yang kamu tumpangi bisa membawa kesuatu tempat yang indah ( pernikahan ) 
Selamat berlayar , dan selamat tinggal â¤",2025-05-13T11:08:51Z,1
mDw83aS4ALo,UgxPbkFKEHlOroW0zLd4AaABAg,@EvaRachmawati-n2e,Waooooowwwwwwww warbiasaaaaa,2025-05-13T10:58:23Z,0
mDw83aS4ALo,Ugw61S1Ri_eFfNe9PN14AaABAg,@siskarisal7903,Suamiku di sana aku di sini semoga kita slalu baik2 saja..ğŸ˜¢,2025-05-13T10:54:02Z,1
mDw83aS4ALo,UgxCrnSsoEKW9Ms2PEh4AaABAg,@AdamFirdaus-i7g,Kesini karna ibu gajah yg ditinggal sama anaknya selamanya.,2025-05-13T10:30:52Z,0
mDw83aS4ALo,UgxtmlEtiMQOGy8zgOB4AaABAg,@bocilbocil266,Ketinggalan saya,2025-05-13T10:23:13Z,0
mDw83aS4ALo,UgwQ5G6RBjVXwbL4YN54AaABAg,@Zhizhi.Zhaolusi13,"Kalo di Philipina ada multo 
Di indo ada manguğŸ˜‚ğŸ˜‚",2025-05-13T10:09:52Z,1
mDw83aS4ALo,UgynW4Q7zYGqIL1jQNd4AaABAg,@depaahaha7219,Keren banget bgğŸ‰ğŸ‰ğŸ‰ğŸ‰,2025-05-13T09:48:45Z,2
mDw83aS4ALo,Ugw5CQFnf7LuhGijl754AaABAg,@santorosantoro9448,Lagu Lama dan sok sedih lagu ny ğŸ—¿ğŸ—¿ğŸ—¿ğŸ¤£ğŸ¤£,2025-05-13T09:20:56Z,0
mDw83aS4ALo,UgyNrAtPpOJYySBHILJ4AaABAg,@santorosantoro9448,ğŸ—¿ğŸ—¿,2025-05-13T09:19:58Z,0
mDw83aS4ALo,Ugy_kaw13DanWPcJo5F4AaABAg,@santorosantoro9448,Lagu ny biasa aja,2025-05-13T09:19:46Z,0
mDw83aS4ALo,Ugwv64Ve3tYdyfvRXaB4AaABAg,@mitarizkiyah8968,"Dari jamannya SMK , emang lagu nya fourtwnty gak ada yang gagal â˜ºï¸â˜ºï¸",2025-05-13T09:14:11Z,2
mDw83aS4ALo,UgzLWZCaR633LQifpa54AaABAg,@story.brokme,"Aku mendengar lagu ini bukan hanya soal perbedaan agama, perbedaan perasaan. Tapi aku mendengar dengan banyak penyesalan dan keluhan. Kenapa aku jatuh dijalan yang tidak ku inginkan. Kehancuran keluarga memang sangat menyakitkan, apalagi ditelantarkan oleh orang tua, padahal aku perempuan. Sudah kuusahakan banyak hal, ternyata aku hanya terjebak ditempat yang gelap. Hidup gelap dan suram yang kurasakan.",2025-05-13T09:13:46Z,2
mDw83aS4ALo,UgyNgh3c3K2WlEGSFnl4AaABAg,@NafisaDewi-xh3tj,yang beda restu orang-tua bukan agama ğŸ™ğŸ™ğŸ˜ŠğŸ¥²,2025-05-13T09:06:41Z,1
mDw83aS4ALo,UgyfzCsnNC9N7chezAR4AaABAg,@NurAkmalnj5n,Tentang cinta luar biasa tapi hatinya kadang gelisah tungguin IBADAH,2025-05-13T08:34:45Z,0
mDw83aS4ALo,UgwRREEcZw1kFFOJZ714AaABAg,@NurAkmalnj5n,Tuhan,2025-05-13T08:33:05Z,0
mDw83aS4ALo,UgzIQGm_HZajnwXzsMt4AaABAg,@monkeydlufy11,kesini gegara tiktok ğŸ˜‚,2025-05-13T08:28:57Z,0
mDw83aS4ALo,UgzO7FpNp5zdNqrozBh4AaABAg,@wismadavinciroxy-tn9ss,"HI, JURANGMANGU !!!",2025-05-13T08:09:37Z,0
mDw83aS4ALo,Ugxwhw18jMtrQ6HmBVd4AaABAg,@WiwikmujiatiMujiati,Ternyata ketinggalan 3 th kemna aja gwğŸ˜¤ğŸ˜Š,2025-05-13T08:05:14Z,0
mDw83aS4ALo,UgzBMRqr7_MX6x4zg754AaABAg,@PanjulPanjul-o7l,n,2025-05-13T08:00:31Z,0
mDw83aS4ALo,Ugz-h4w1WFNF1H3XzeR4AaABAg,@RahmaYashinta,"halo aku mau nitip komentar disini 
aku sedang memperjuangkan seseorang, entah sampai mana aku mampu, semoga tuhan memantapkan langkah ini 
aku akan kembali ketika aku sudah mendapatkannya atau ketika aku sudah menyerah 

malang,13 mei 2025",2025-05-13T07:49:33Z,22
mDw83aS4ALo,UgzPWJwJZbhTgR8-YTd4AaABAg,@onedapalu2355,Heran dengan dia yg sok sok an sakit hati tapi nyatanya realita nya dia,2025-05-13T07:48:11Z,0
mDw83aS4ALo,UgyRYOLnDFNy7EX7MCJ4AaABAg,@yinnfs,3:10,2025-05-13T07:34:32Z,0
mDw83aS4ALo,UgxwFQVq2qsXILdsgyV4AaABAg,@asranfatih,Lagu lama baru viral,2025-05-13T07:23:47Z,1
mDw83aS4ALo,Ugz2GFrTt4vm5z08ckl4AaABAg,@SusantySanti-qg8hn,2:50 bikin mewekğŸ˜­,2025-05-13T06:47:38Z,9
mDw83aS4ALo,Ugy9ayH5rvd5E3Idgwd4AaABAg,@Bakolbakulan,Lagu sekeren ini ga lgsg meladakğŸ‰â¤â¤â¤,2025-05-13T06:10:09Z,0
mDw83aS4ALo,Ugy8easNt1jWdm16fV14AaABAg,@DedeMaulana18,Baru viral sekrang ini lagu,2025-05-13T06:00:45Z,0
mDw83aS4ALo,UgyzxGslSnyfEOXr1yZ4AaABAg,@inisial-p-A1,"Ibu sembuh dari sakitnya ,
Tapi aku sakit kehilangan ibu :( ğŸ¥€",2025-05-13T05:06:05Z,1
mDw83aS4ALo,Ugw7U2d8JrewOVtL0OV4AaABAg,@karisyaputri-u8p,Membosankan,2025-05-13T04:05:14Z,0
mDw83aS4ALo,Ugyouob2zRyNlbTosKF4AaABAg,@thewhitetorres4721,"sok"" an dengar ini...padahal yg beda hartanya bukan agamanyağŸ˜Œ",2025-05-13T03:55:44Z,1
mDw83aS4ALo,Ugwz_KqAjjVVNu1UO9V4AaABAg,@zalshasabila,âœ¨,2025-05-13T03:50:54Z,0
mDw83aS4ALo,UgwOfxTWcOLeTyawwhR4AaABAg,@adryanti3941,3:10,2025-05-13T03:47:00Z,1
mDw83aS4ALo,Ugxsg58Ll8mcUc3qEuB4AaABAg,@basunianakrantau,Gara titok jadi kesini merinding denger nya 13/5/2025,2025-05-13T03:36:44Z,0
mDw83aS4ALo,UgyMe93QatjqR0CFpH94AaABAg,@rickywijaya1585,Sudah 3 taon lalu rupanya,2025-05-13T03:10:29Z,0
mDw83aS4ALo,UgzFI6FGb07vXASGKE94AaABAg,@imanunderbone,kesini gara gara viral di IG dan tiktok,2025-05-13T02:51:37Z,1
mDw83aS4ALo,Ugw8D2sSfOWR11kAcbR4AaABAg,@arlyn21,Ternyata ketinggalan 3 tahun aku,2025-05-13T02:45:50Z,0
mDw83aS4ALo,UgwZ0cNUTOQnw953VIF4AaABAg,@elamirawati1009,"Beda keyakinan sama dia. Saya nya yakin, dia nya gağŸ˜¢",2025-05-13T02:37:50Z,0
mDw83aS4ALo,UgwSILQnAOKX1LQ1b3J4AaABAg,@fungronny,Nyoba dengerin ehh malah bikin nangis ğŸ˜­,2025-05-13T02:20:19Z,0
mDw83aS4ALo,Ugy7SI2jxkbY26v7Ypd4AaABAg,@indarwati-sp8zo,Setelah saya cari ternyata lagunya sudah tiga tahun yang lalu,2025-05-13T02:00:23Z,0
mDw83aS4ALo,UgxRb5FRIONMmnQZj8N4AaABAg,@geno661,Zhyu,2025-05-13T01:44:23Z,0
mDw83aS4ALo,Ugx8c1AKuOrNlyqERWl4AaABAg,@GerbiGerbi-j4y,lagunya sedih,2025-05-13T01:41:55Z,0
mDw83aS4ALo,UgzfFQuAVQYtBjH0AyN4AaABAg,@DeltaHarliyani,Ternyata lgu nya udah lama toh,2025-05-13T01:15:05Z,0
mDw83aS4ALo,Ugy7uf5LU9lBixzb48h4AaABAg,@stevenardian6614,Ke mana saja 3 tabun ini ğŸ˜…,2025-05-13T01:02:46Z,0
mDw83aS4ALo,Ugx0IGYK7Fa2IDDzJvF4AaABAg,@donaldharyadi2109,hoam,2025-05-13T00:59:33Z,0
mDw83aS4ALo,Ugy6OjqOIDWeJWOJvHZ4AaABAg,@Boladunia_86,Gua kira ni lagu masi baruğŸ˜­,2025-05-13T00:55:57Z,0
mDw83aS4ALo,UgxC_ddpayE8qOWs0d54AaABAg,@Latifhasan-94,3:02 best part yg paling aku suka.,2025-05-13T00:38:35Z,0
mDw83aS4ALo,UgxMDPMRoWA_kFDztjZ4AaABAg,@bajingankowe226,"kemana aja nih aku, ketinggalan jauh banget",2025-05-13T00:36:00Z,1
mDw83aS4ALo,UgwSp82whngWIpOSSUV4AaABAg,@ErikabayuPrastiyo,Kek nya gw yg terakhir,2025-05-12T23:17:26Z,0
mDw83aS4ALo,UgwPZFv3gO0PxAv_OMB4AaABAg,@KhairilErll,mendalami bet,2025-05-12T22:09:53Z,0
mDw83aS4ALo,Ugxp5usMw_ii6o-4nMV4AaABAg,@BapauUyut,7thn bayangin dia memilih Nikah Dengan laki laki lainğŸ˜¢,2025-05-12T21:40:56Z,0
mDw83aS4ALo,Ugzd35v0mqeR14gSKkx4AaABAg,@reeyyzzt.,"SOK""AN NGEDENGERIN LAGU MANGU ,PADAHAL YANG BEDA HATINYA BUKAN AGAMANYA HEHEğŸ¥²ğŸ¥²ğŸ¥²ğŸ¥²ğŸ¥²",2025-05-12T20:49:26Z,0
mDw83aS4ALo,Ugy78e5cL75fLHT77bZ4AaABAg,@fazarafiatna9619,Baru viral di toktok skrg ğŸ˜†,2025-05-12T19:43:48Z,0
mDw83aS4ALo,UgxJA26tvZiVfduXygF4AaABAg,@AfalHidayat-h3z,"Melepaskan seorang yang sangat baik hanya untuk seorang yg sering menimbulkan luka. Ini adalah kesialan ku, ini adalah penyesalan sepanjang hidupku. Bandung,06mei23",2025-05-12T18:48:35Z,0
mDw83aS4ALo,UgxoPTxG696wudDHyU54AaABAg,@AfalHidayat-h3z,"Melepaskan seorang yang sangat baik hanya untuk seorang yg sering menimbulkan luka. Ini adalah kesialan ku, ini adalah penyesalan sepanjang hidupku. Bandung,06mei23",2025-05-12T18:48:26Z,0
mDw83aS4ALo,Ugzxn2qAvIu9CbjGneV4AaABAg,@AfalHidayat-h3z,"Melepaskan seorang yang sangat baik hanya untuk seorang yg sering menimbulkan luka. Ini adalah kesialan ku, ini adalah penyesalan sepanjang hidupku. Bandung,06mei23",2025-05-12T18:47:50Z,1
mDw83aS4ALo,Ugy3e30iG1_GmzFolPR4AaABAg,@kazekaraoke,"Level tertinggi dalam mencintai adalah mengikhlaskan, dan level berbohong tertinggi adalah kalimat tersebut.",2025-05-12T18:22:22Z,1
mDw83aS4ALo,Ugy4mRlNR1YN0JSYGN94AaABAg,@mzidan2985,Gilaaaaaaaa.. tiap hari denger musik. Baru tau ada lagu sekeren ini. Kena bgt apa yg lagi di hadapi skrg.,2025-05-12T18:07:33Z,0
mDw83aS4ALo,UgySVFADiQZ7wNANCuZ4AaABAg,@ranggasetiadi-q6s,"Buat kamu semoga bahagia ya (GS) ğŸ˜ŠğŸ˜Š
Semoga nggak dibaca",2025-05-12T18:07:16Z,0
mDw83aS4ALo,UgzD9xF1a8SGFrhjRBN4AaABAg,@jiyankim26,â¤â€ğŸ©¹â¤â€ğŸ©¹ğŸ¤,2025-05-12T18:04:30Z,0
mDw83aS4ALo,Ugztj3PK0HGtBgtDyUx4AaABAg,@noviaprameswarisafitri1014,tembok nya terlalu tinggi,2025-05-12T17:42:09Z,0
mDw83aS4ALo,UgysKaezAUtLmWCDxcx4AaABAg,@syarifahhinduan4256,â¤â¤â¤â¤,2025-05-12T17:38:36Z,0
mDw83aS4ALo,Ugx26cgzUM0zFYa9MWl4AaABAg,@RahmanAbdur-j5n,"Suatu malam adam bercerita
Hawanya tak lagi di jalur yang sama
Bacaan dan doa yang mulai berbeda
Ego dan air mata kita bicara

Gila tak masuk logika
Termangu hatiku
Kau menggenggam kumenadahnya

Berdamai dengan apa yang terjadi
Kunci dari semua masalah ini
Jujur tak mudah untuk melangkah pergi
Ini soal hati bukan yang diyakini

Ow gila tak masuk logika
Termangu hatiku
Kau menggenggam kumenadahnya

Ow gila ini tak biasa
Tertegun hatiku
Kau menggenggam kumenadahnya

Ho oh

Jangan salahkan faham ku kini tertuju oh
Siapa yang tau
Siapa yang mau
Kau di sana
Aku diseberangmu

Cerita kita sulit dicerna
Tak lagi sama
Cara berdoa

Cerita kita sulit diterka
Tak lagi sama
Arah kiblatnya oh

Cerita kita sulit dicerna
Tak lagi sama
Cara berdoa

Oh cerita kita sulit diterka
Tak lagi sama
Arah kiblatnya

Sumber:Â LyricFind",2025-05-12T16:31:14Z,3
mDw83aS4ALo,UgySNyHz611RAelUu8J4AaABAg,@alfianyulianto5661,"Aku selalu menunggu mu 
Asymahrniâ¤",2025-05-12T15:59:48Z,0
mDw83aS4ALo,UgzpJx6QBOFE0TsNpiR4AaABAg,@muhammadgio4350,kirain lagu baruğŸ˜…,2025-05-12T15:38:04Z,0
mDw83aS4ALo,Ugxege6AXjD7ylb1mMN4AaABAg,@wanjulid9050,Semoga kita bertemu di versi terbaik kita ya sasa,2025-05-12T15:19:08Z,0
mDw83aS4ALo,UgwO1RVuHu_v-A1Z5Ux4AaABAg,@bymefransiska4391,3:12 suka bangett,2025-05-12T15:15:54Z,1
mDw83aS4ALo,UgyuleHVFa3LBSqVt5R4AaABAg,@tarisaanjani2130,2:13 dalam bgtğŸ˜­ğŸ’—ğŸ’—,2025-05-12T15:08:11Z,3
mDw83aS4ALo,UgwRNO6OTy2k8x_mxCJ4AaABAg,@rickoakbar547,â¤ğŸ˜¢,2025-05-12T15:06:02Z,0
mDw83aS4ALo,UgwMLyQLJlKX-66goOp4AaABAg,@tbputra,"Ku kira lagu baru, ternyata 3thn laluğŸ˜¢",2025-05-12T15:05:37Z,0
mDw83aS4ALo,UgzCuhVRfuCvFrCkaQx4AaABAg,@Syarif.hasyim,Nyesel baru tau lagu seenak ini pada tahun ini.,2025-05-12T13:59:04Z,0
mDw83aS4ALo,UgzE2aRZWOOyN7waIUF4AaABAg,@habib-al-aziz,Mundur alon2 aja buat yg beda agama. It rarely works,2025-05-12T13:21:33Z,0
mDw83aS4ALo,UgxF2eu7jpbfSnBQGyd4AaABAg,@Myname_Tii,"Aku cukup mengagumi mu saja ya, dan menikmati moment bersama mu.
Terima kasih Tuhan, setidak nya aku sempat merasakan rasa suka ini yang nggak hanya sepihak.
Setidak nya hati ku yang pernah kosong ini bisa merasakan rasa suka yang nyata",2025-05-12T12:55:47Z,0
mDw83aS4ALo,UgzJCBa6SE03im5JUiJ4AaABAg,@meutyarachmadanti6284,Kukira lagu ternyata kisahku. Bs pas gini viralnya pas abis pindah ke kristen ğŸ˜Š,2025-05-12T12:38:46Z,0
mDw83aS4ALo,UgzxubLsxs_ERNfg0SR4AaABAg,@nadhrahnuriman,yang disini bukan kerana tiktok tapi kerana emg udah jadi peminat fourtwnty sejak dini ğŸ™‹ğŸ»â€â™€ï¸ğŸ™‹ğŸ»â€â™€ï¸ğŸ™‹ğŸ»â€â™€ï¸ğŸ™‹ğŸ»â€â™€ï¸,2025-05-12T12:32:59Z,2
mDw83aS4ALo,Ugzy5qwkvrgliFz6tSh4AaABAg,@a.hchannel6415,Bisa bisa nya baru rame Skrang ni lagu,2025-05-12T11:30:40Z,0
mDw83aS4ALo,UgxGcCfrk7BaW4fvoeJ4AaABAg,@ErlanggaSution,Gw kira lagu baru.. Btw gw dari tiktok,2025-05-12T11:17:19Z,0
mDw83aS4ALo,UgzY_e_-Pw5OVZnb9aV4AaABAg,@PanjulPanjul-o7l,keren,2025-05-12T11:01:55Z,0
mDw83aS4ALo,UgyUP0zPlT5o4aI3Ew54AaABAg,@riri410,"this part ""ini soal hati bukan yang diyakini""",2025-05-12T10:56:41Z,1
mDw83aS4ALo,UgwDV22_fMassVx5pfB4AaABAg,@juantrg_,suka banget sama lagu ini,2025-05-12T10:52:30Z,0
mDw83aS4ALo,Ugw2L4HwxwMfXSJ1OSN4AaABAg,@MuhamadSlametRiyadi-v3v,absen yang nonton di 2025â˜ï¸,2025-05-12T10:37:18Z,1
mDw83aS4ALo,UgzWdlseGGPaQ-XGU9V4AaABAg,@ranyusuf2545,"Salah satu grup band yang setiap lagu nya harus di dengerin pake hati , kalau ga pasti ketinggalan 3 tahun",2025-05-12T10:35:47Z,0
mDw83aS4ALo,UgztVJolJGelM91G_hd4AaABAg,@RifkyAditya-b7o,ketinggalan 3 tahunğŸ™ƒ,2025-05-12T09:48:18Z,0
mDw83aS4ALo,UgybOyjggd6iRdfUCoN4AaABAg,@NarchzRecruitment,Lagian ngapain sih ceweknya murtad,2025-05-12T09:44:26Z,0
mDw83aS4ALo,UgysX_RYMQzJ7mB1yj54AaABAg,@TariAjha-f7h,Ini tentang dua sejoli yg gak sejalan lagi,2025-05-12T09:30:26Z,0
mDw83aS4ALo,UgwQzvUvXsS0MPU4Lul4AaABAg,@Ldsanti-bh1eg,Tiga tahun lalu,2025-05-12T09:27:33Z,0
mDw83aS4ALo,Ugw6Vm7SQX_qem_Csu14AaABAg,@bigopinter1246,Baru sekali ini telat ...mendegar lagu masterpiece sperti ini...,2025-05-12T09:05:06Z,0
mDw83aS4ALo,Ugyp9JneeHfuYoMftNN4AaABAg,@syahidmukhobir4242,mantap,2025-05-12T08:44:44Z,0
mDw83aS4ALo,UgycScLEJIxWaQ5OobZ4AaABAg,@putzky-o7w,ternyata ketinggalan 3 tahunâ˜ºï¸ğŸ™ğŸ»,2025-05-12T08:38:43Z,0
mDw83aS4ALo,Ugya-rh8AiMEsFVt8oB4AaABAg,@zafrankamill8910,Ternyata ketinggalan 3 tahun,2025-05-12T08:13:40Z,0
mDw83aS4ALo,UgyGCelDK7SMpIO9EOp4AaABAg,@gtng01,Ku kira yang beda kepercayaannya ternyata perasaan nya,2025-05-12T07:41:41Z,1
mDw83aS4ALo,UgwhkvmyjEt83TmUn2Z4AaABAg,@lucyviantowardana4906,2025 viral di tiktokğŸ˜…ğŸ˜…ğŸ˜…,2025-05-12T07:29:39Z,0
mDw83aS4ALo,Ugxy9gcbp3_GFCiclbp4AaABAg,@LiaMulyasari-ny2ez,Ke sekip 2 thn,2025-05-12T07:24:25Z,0
mDw83aS4ALo,UgyKZF8G5EFeoZei1hR4AaABAg,@thereverendtholomewplague2031,Udah 3 tahun yg lalu ternyata ğŸ˜¢,2025-05-12T07:16:25Z,1
mDw83aS4ALo,UgxpAh7KDW40I07z-oF4AaABAg,@FakihFirdaus-k9l,Galau zaman sekarang susahnya cari duit.. anak mau jajan ga ada uang itulah galau yg sesungguhnya,2025-05-12T07:08:22Z,0
mDw83aS4ALo,UgxalVlBh4BCMToOf7Z4AaABAg,@rivaldigunawan-n2d,"Restu tersulit adalah restu agama., antara shalat 5 waktu dan gereja di hari minggu",2025-05-12T07:04:03Z,0
mDw83aS4ALo,Ugx_dDEYsv-apispZe54AaABAg,@titapuspitasari4526,"Aku ngedengerin pas udh ada tulisan ""3tahun lalu"" ğŸ˜¢",2025-05-12T07:00:33Z,0
mDw83aS4ALo,Ugz-xLNgOt-8ZwZkpLR4AaABAg,@muhamadsyahriljumhur1219,kirain lagu baru,2025-05-12T06:51:56Z,0
mDw83aS4ALo,UgxdtxccVUbJjgVkhDV4AaABAg,@muhammadahkam6889,dari tik tok,2025-05-12T06:35:48Z,0
mDw83aS4ALo,UgwvgehqU6ia7tr-EMd4AaABAg,@tomiiiiiiiiiiiiiii786,paok paok,2025-05-12T06:13:28Z,0
mDw83aS4ALo,UgxksNzYygoaT1Ad7Vl4AaABAg,@tutussundoro5242,"Merelakanya sejak 9 tahun yg lalu, dan patah hatinya masih berasa",2025-05-12T06:00:43Z,0
mDw83aS4ALo,UgzRKmFJabd1KtI0V7p4AaABAg,@desiratnasari7401,p,2025-05-12T05:54:21Z,0
mDw83aS4ALo,UgwEmWFVo4rywQvLgmR4AaABAg,@168pulsa8,meledak si lagu nya mantap,2025-05-12T05:50:54Z,0
mDw83aS4ALo,Ugz1UfJX08TNGKjefl14AaABAg,@Cindy-eg5gh,Sperti kisah akuuâ¤,2025-05-12T05:46:59Z,0
mDw83aS4ALo,UgyQayNJzkyw3wB4HgJ4AaABAg,@roynaldimarcelinodwikiputra,Ketinggalan 3 tahun ğŸ˜­ kirain lagu baru rilis ğŸ˜¢,2025-05-12T05:44:17Z,2
mDw83aS4ALo,UgwbODMWj7ybTZsFIU94AaABAg,@SetyabettaFish,3 tahunan,2025-05-12T05:37:35Z,0
